Workbook
Name email_address_1639266202: 'Thư mời giảng'!$M$1

Sheet KeHoach_HKI_25-26
E1: KẾ HOẠCH ĐÀO TẠO HỌC KỲ III
A5: A.Mục tiêu trong kỳ:
A7: B.Dự kiến lịch học tập trong học kỳ:
A9: KHOÁ | B9: KỲ | C9: SỐ LỚP | D9: SỐ SV | F9: Tháng 05 | J9: Tháng 06 | O9: Tháng 07 | S9: Tháng 08
F11: T1 | G11: T2 | H11: T3 | I11: T4 | J11: T5 | K11: T6 | L11: T7 | M11: T8 | N11: T9 | O11: T10 | P11: T11 | Q11: T12 | R11: T13 | S11: T14 | T11: T15 | U11: T16 | V11: T17
A12: 2023 | B12: 6 | C12: =COUNTIF('KHĐT'!$B$4:$B$520,A12) -> 0 | D12: =SUMIF('KHĐT'!$B$4:$B$476,#REF!,'KHĐT'!$F$4:$F476) -> #N/A | G12: x | H12: x | I12: x | J12: x | K12: x | L12: x | M12: x | N12: x | O12: x | P12: x | Q12: x | R12: x | S12: x | T12: T | U12: T | V12: N
A13: 2024 | B13: 3 | C13: =COUNTIF('KHĐT'!$B$4:$B$520,A13) -> 225 | D13: =SUMIF('KHĐT'!$B$4:$B$476,A12,'KHĐT'!$F$4:$F478) -> #N/A | G13: x | H13: x | I13: x | J13: x | K13: x | L13: x | M13: x | N13: x | O13: x | P13: x | Q13: x | R13: x | S13: x | T13: T | U13: T | V13: N
A14: Tổng/ Total | C14: =SUM(C12:C13) -> 225 | D14: =SUM(D12:D13) -> #N/A
C16: Trong đó: | D16: x – học; T – Thi; N: nghỉ học kỳ, nghỉ hè, nghỉ Tết AL; DT: dự trữ
A20: .Dự kiến lịch học tập trong học kỳ/ Estimated Schedule:
A22: TT | B22: Mã môn | C22: Tên môn | D22: SL ước dùng | E22: Hệ số | F22: Số SV max/lớp | G22: Tổng giờ/môn | H22: Số GV cần theo kế hoạch lớp/ ngành | I22: Tổng số lớp môn tối ưu theo số sv | J22: Số lớp đang cần triển khai(vật lý) | K22: Số lớp triển khai theo thực tế | L22: NGành | M22: Tổng số giờ | N22: Tên giáo trình
B23: Kỳ
B24: Số SV
B25: Số lớp
B26: Số môn | E26: 0 | F26: 0 | G26: 0 | H26: 0 | I26: 0 | K26: 0 | L26: 0 | M26: 0 | N26: 0
A27: A | B27: B | C27: C | D27: 1 | E27: G | F27: H | G27: I | H27: J | I27: 0 | K27: 0 | L27: K | M27: L | N27: M
A28: 1 | D28: =SUMIFS('KHĐT'!$G:$G,'KHĐT'!$H:$H,B28) -> 0 | E28: 1 | F28: =ThamSo!$B$2 -> 38 | G28: =VLOOKUP(C28,'KHĐT'!$I$2:$K$534,3,0) -> #N/A | H28: =IF(D28=0,0,IF(D28<F28,1,ROUND(D28/F28,1))) -> 0 | I28: =IF(D28=0,0,IF(D28<F28,1,ROUND(D28/F28,1))) -> 0 | J28: =COUNTIF('KHĐT'!$I$2:$I$534,C28) -> 0 | K28: =COUNTIF(TKB_HK2_Moi_Giang!G3:G27,C28) -> 0 | L28: =if(K28<=I28,"Ok","") -> Ok | M28: =G28*K28 -> #N/A
A29: 2 | D29: =SUMIFS('KHĐT'!$G:$G,'KHĐT'!$H:$H,B29) -> 0 | E29: 1 | F29: =ThamSo!$B$2 -> 38 | G29: =VLOOKUP(C29,'KHĐT'!$I$2:$K$534,3,0) -> #N/A | H29: =IF(D29=0,0,IF(D29<F29,1,ROUND(D29/F29,1))) -> 0 | I29: =IF(D29=0,0,IF(D29<F29,1,ROUND(D29/F29,1))) -> 0 | J29: =COUNTIF('KHĐT'!$I$2:$I$534,C29) -> 0 | K29: =COUNTIF(TKB_HK2_Moi_Giang!G933,C29) -> 0 | L29: =if(K29<=I29,"Ok","") -> Ok | M29: =G29*K29 -> #N/A
A30: 3 | D30: =SUMIFS('KHĐT'!$G:$G,'KHĐT'!$H:$H,B30) -> 0 | E30: 1 | F30: =ThamSo!$B$2 -> 38 | G30: =VLOOKUP(C30,'KHĐT'!$I$2:$K$534,3,0) -> #N/A | H30: =IF(D30=0,0,IF(D30<F30,1,ROUND(D30/F30,1))) -> 0 | I30: =IF(D30=0,0,IF(D30<F30,1,ROUND(D30/F30,1))) -> 0 | J30: =COUNTIF('KHĐT'!$I$2:$I$534,C30) -> 0 | K30: =COUNTIF(TKB_HK2_Moi_Giang!G3:G933,C30) -> 0 | L30: =if(K30<=I30,"Ok","") -> Ok | M30: =G30*K30 -> #N/A
A31: 4 | D31: =SUMIFS('KHĐT'!$G:$G,'KHĐT'!$H:$H,B31) -> 0 | E31: 1 | F31: =ThamSo!$B$2 -> 38 | G31: =VLOOKUP(C31,'KHĐT'!$I$2:$K$534,3,0) -> #N/A | H31: =IF(D31=0,0,IF(D31<F31,1,ROUND(D31/F31,1))) -> 0 | I31: =IF(D31=0,0,IF(D31<F31,1,ROUND(D31/F31,1))) -> 0 | J31: =COUNTIF('KHĐT'!$I$2:$I$534,C31) -> 0 | K31: =COUNTIF(TKB_HK2_Moi_Giang!G933,C31) -> 0 | L31: =if(K31<=I31,"Ok","") -> Ok | M31: =G31*K31 -> #N/A
A32: 5 | D32: =SUMIFS('KHĐT'!$G:$G,'KHĐT'!$H:$H,B32) -> 0 | E32: 1 | F32: =ThamSo!$B$2 -> 38 | G32: =VLOOKUP(C32,'KHĐT'!$I$2:$K$534,3,0) -> #N/A | H32: =IF(D32=0,0,IF(D32<F32,1,ROUND(D32/F32,1))) -> 0 | I32: =IF(D32=0,0,IF(D32<F32,1,ROUND(D32/F32,1))) -> 0 | J32: =COUNTIF('KHĐT'!$I$2:$I$534,C32) -> 0 | K32: =COUNTIF(TKB_HK2_Moi_Giang!G933,C32) -> 0 | L32: =if(K32<=I32,"Ok","") -> Ok | M32: =G32*K32 -> #N/A
A33: 6 | D33: =SUMIFS('KHĐT'!$G:$G,'KHĐT'!$H:$H,B33) -> 0 | E33: 1 | F33: =ThamSo!$B$2 -> 38 | G33: =VLOOKUP(C33,'KHĐT'!$I$2:$K$534,3,0) -> #N/A | H33: =IF(D33=0,0,IF(D33<F33,1,ROUND(D33/F33,1))) -> 0 | I33: =IF(D33=0,0,IF(D33<F33,1,ROUND(D33/F33,1))) -> 0 | J33: =COUNTIF('KHĐT'!$I$2:$I$534,C33) -> 0 | K33: =COUNTIF(TKB_HK2_Moi_Giang!G3:G933,C33) -> 0 | L33: =if(K33<=I33,"Ok","") -> Ok | M33: =G33*K33 -> #N/A
A34: 7 | D34: =SUMIFS('KHĐT'!$G:$G,'KHĐT'!$H:$H,B34) -> 0 | E34: 1 | F34: =ThamSo!$B$2 -> 38 | G34: =VLOOKUP(C34,'KHĐT'!$I$2:$K$534,3,0) -> #N/A | H34: =IF(D34=0,0,IF(D34<F34,1,ROUND(D34/F34,1))) -> 0 | I34: =IF(D34=0,0,IF(D34<F34,1,ROUND(D34/F34,1))) -> 0 | J34: =COUNTIF('KHĐT'!$I$2:$I$534,C34) -> 0 | K34: =COUNTIF(TKB_HK2_Moi_Giang!G3:G933,C34) -> 0 | L34: =if(K34<=I34,"Ok","") -> Ok | M34: =G34*K34 -> #N/A
A35: 8 | D35: =SUMIFS('KHĐT'!$G:$G,'KHĐT'!$H:$H,B35) -> 0 | E35: 1 | F35: =ThamSo!$B$2 -> 38 | G35: =VLOOKUP(C35,'KHĐT'!$I$2:$K$534,3,0) -> #N/A | H35: =IF(D35=0,0,IF(D35<F35,1,ROUND(D35/F35,1))) -> 0 | I35: =IF(D35=0,0,IF(D35<F35,1,ROUND(D35/F35,1))) -> 0 | J35: =COUNTIF('KHĐT'!$I$2:$I$534,C35) -> 0 | K35: =COUNTIF(TKB_HK2_Moi_Giang!G3:G933,C35) -> 0 | L35: =if(K35<=I35,"Ok","") -> Ok | M35: =G35*K35 -> #N/A
A36: 9 | D36: =SUMIFS('KHĐT'!$G:$G,'KHĐT'!$H:$H,B36) -> 0 | E36: 1 | F36: =ThamSo!$B$2 -> 38 | G36: =VLOOKUP(C36,'KHĐT'!$I$2:$K$534,3,0) -> #N/A | H36: =IF(D36=0,0,IF(D36<F36,1,ROUND(D36/F36,1))) -> 0 | I36: =IF(D36=0,0,IF(D36<F36,1,ROUND(D36/F36,1))) -> 0 | J36: =COUNTIF('KHĐT'!$I$2:$I$534,C36) -> 0 | K36: =COUNTIF(TKB_HK2_Moi_Giang!G928:G933,C36) -> 0 | L36: =if(K36<=I36,"Ok","") -> Ok | M36: =G36*K36 -> #N/A
A37: 10 | D37: =SUMIFS('KHĐT'!$G:$G,'KHĐT'!$H:$H,B37) -> 0 | E37: 1 | F37: =ThamSo!$B$2 -> 38 | G37: =VLOOKUP(C37,'KHĐT'!$I$2:$K$534,3,0) -> #N/A | H37: =IF(D37=0,0,IF(D37<F37,1,ROUND(D37/F37,1))) -> 0 | I37: =IF(D37=0,0,IF(D37<F37,1,ROUND(D37/F37,1))) -> 0 | J37: =COUNTIF('KHĐT'!$I$2:$I$534,C37) -> 0 | K37: =COUNTIF(TKB_HK2_Moi_Giang!G928:G933,C37) -> 0 | L37: =if(K37<=I37,"Ok","") -> Ok | M37: =G37*K37 -> #N/A
A38: 11 | D38: =SUMIFS('KHĐT'!$G:$G,'KHĐT'!$H:$H,B38) -> 0 | E38: 1 | F38: =ThamSo!$B$2 -> 38 | G38: =VLOOKUP(C38,'KHĐT'!$I$2:$K$534,3,0) -> #N/A | H38: =IF(D38=0,0,IF(D38<F38,1,ROUND(D38/F38,1))) -> 0 | I38: =IF(D38=0,0,IF(D38<F38,1,ROUND(D38/F38,1))) -> 0 | J38: =COUNTIF('KHĐT'!$I$2:$I$534,C38) -> 0 | K38: =COUNTIF(TKB_HK2_Moi_Giang!G928:G933,C38) -> 0 | L38: =if(K38<=I38,"Ok","") -> Ok | M38: =G38*K38 -> #N/A
A39: 12 | D39: =SUMIFS('KHĐT'!$G:$G,'KHĐT'!$H:$H,B39) -> 0 | E39: 1 | F39: =ThamSo!$B$2 -> 38 | G39: =VLOOKUP(C39,'KHĐT'!$I$2:$K$534,3,0) -> #N/A | H39: =IF(D39=0,0,IF(D39<F39,1,ROUND(D39/F39,1))) -> 0 | I39: =IF(D39=0,0,IF(D39<F39,1,ROUND(D39/F39,1))) -> 0 | J39: =COUNTIF('KHĐT'!$I$2:$I$534,C39) -> 0 | K39: =COUNTIF(TKB_HK2_Moi_Giang!G928:G933,C39) -> 0 | L39: =if(K39<=I39,"Ok","") -> Ok | M39: =G39*K39 -> #N/A
A40: 13 | D40: =SUMIFS('KHĐT'!$G:$G,'KHĐT'!$H:$H,B40) -> 0 | E40: 1 | F40: =ThamSo!$B$2 -> 38 | G40: =VLOOKUP(C40,'KHĐT'!$I$2:$K$534,3,0) -> #N/A | H40: =IF(D40=0,0,IF(D40<F40,1,ROUND(D40/F40,1))) -> 0 | I40: =IF(D40=0,0,IF(D40<F40,1,ROUND(D40/F40,1))) -> 0 | J40: =COUNTIF('KHĐT'!$I$2:$I$534,C40) -> 0 | K40: =COUNTIF(TKB_HK2_Moi_Giang!G928:G933,C40) -> 0 | L40: =if(K40<=I40,"Ok","") -> Ok | M40: =G40*K40 -> #N/A
A41: 14 | D41: =SUMIFS('KHĐT'!$G:$G,'KHĐT'!$H:$H,B41) -> 0 | E41: 1 | F41: =ThamSo!$B$2 -> 38 | G41: =VLOOKUP(C41,'KHĐT'!$I$2:$K$534,3,0) -> #N/A | H41: =IF(D41=0,0,IF(D41<F41,1,ROUND(D41/F41,1))) -> 0 | I41: =IF(D41=0,0,IF(D41<F41,1,ROUND(D41/F41,1))) -> 0 | J41: =COUNTIF('KHĐT'!$I$2:$I$534,C41) -> 0 | K41: =COUNTIF(TKB_HK2_Moi_Giang!G928:G933,C41) -> 0 | L41: =if(K41<=I41,"Ok","") -> Ok | M41: =G41*K41 -> #N/A
A42: 15 | D42: =SUMIFS('KHĐT'!$G:$G,'KHĐT'!$H:$H,B42) -> 0 | E42: 1 | F42: =ThamSo!$B$2 -> 38 | G42: =VLOOKUP(C42,'KHĐT'!$I$2:$K$534,3,0) -> #N/A | H42: =IF(D42=0,0,IF(D42<F42,1,ROUND(D42/F42,1))) -> 0 | I42: =IF(D42=0,0,IF(D42<F42,1,ROUND(D42/F42,1))) -> 0 | J42: =COUNTIF('KHĐT'!$I$2:$I$534,C42) -> 0 | K42: =COUNTIF(TKB_HK2_Moi_Giang!G928:G933,C42) -> 0 | L42: =if(K42<=I42,"Ok","") -> Ok | M42: =G42*K42 -> #N/A
A43: 16 | D43: =SUMIFS('KHĐT'!$G:$G,'KHĐT'!$H:$H,B43) -> 0 | E43: 1 | F43: =ThamSo!$B$2 -> 38 | G43: =VLOOKUP(C43,'KHĐT'!$I$2:$K$534,3,0) -> #N/A | H43: =IF(D43=0,0,IF(D43<F43,1,ROUND(D43/F43,1))) -> 0 | I43: =IF(D43=0,0,IF(D43<F43,1,ROUND(D43/F43,1))) -> 0 | J43: =COUNTIF('KHĐT'!$I$2:$I$534,C43) -> 0 | K43: =COUNTIF(TKB_HK2_Moi_Giang!G928:G933,C43) -> 0 | L43: =if(K43<=I43,"Ok","") -> Ok | M43: =G43*K43 -> #N/A
A44: 17 | D44: =SUMIFS('KHĐT'!$G:$G,'KHĐT'!$H:$H,B44) -> 0 | E44: 1 | F44: =ThamSo!$B$2 -> 38 | G44: =VLOOKUP(C44,'KHĐT'!$I$2:$K$534,3,0) -> #N/A | H44: =IF(D44=0,0,IF(D44<F44,1,ROUND(D44/F44,1))) -> 0 | I44: =IF(D44=0,0,IF(D44<F44,1,ROUND(D44/F44,1))) -> 0 | J44: =COUNTIF('KHĐT'!$I$2:$I$534,C44) -> 0 | K44: =COUNTIF(TKB_HK2_Moi_Giang!G928:G933,C44) -> 0 | L44: =if(K44<=I44,"Ok","") -> Ok | M44: =G44*K44 -> #N/A
A45: 18 | D45: =SUMIFS('KHĐT'!$G:$G,'KHĐT'!$H:$H,B45) -> 0 | E45: 1 | F45: =ThamSo!$B$2 -> 38 | G45: =VLOOKUP(C45,'KHĐT'!$I$2:$K$534,3,0) -> #N/A | H45: =IF(D45=0,0,IF(D45<F45,1,ROUND(D45/F45,1))) -> 0 | I45: =IF(D45=0,0,IF(D45<F45,1,ROUND(D45/F45,1))) -> 0 | J45: =COUNTIF('KHĐT'!$I$2:$I$534,C45) -> 0 | K45: =COUNTIF(TKB_HK2_Moi_Giang!G928:G933,C45) -> 0 | L45: =if(K45<=I45,"Ok","") -> Ok | M45: =G45*K45 -> #N/A
A46: 19 | D46: =SUMIFS('KHĐT'!$G:$G,'KHĐT'!$H:$H,B46) -> 0 | E46: 1 | F46: =ThamSo!$B$2 -> 38 | G46: =VLOOKUP(C46,'KHĐT'!$I$2:$K$534,3,0) -> #N/A | H46: =IF(D46=0,0,IF(D46<F46,1,ROUND(D46/F46,1))) -> 0 | I46: =IF(D46=0,0,IF(D46<F46,1,ROUND(D46/F46,1))) -> 0 | J46: =COUNTIF('KHĐT'!$I$2:$I$534,C46) -> 0 | K46: =COUNTIF(TKB_HK2_Moi_Giang!G928:G933,C46) -> 0 | L46: =if(K46<=I46,"Ok","") -> Ok | M46: =G46*K46 -> #N/A
A47: 20 | D47: =SUMIFS('KHĐT'!$G:$G,'KHĐT'!$H:$H,B47) -> 0 | E47: 1 | F47: =ThamSo!$B$2 -> 38 | G47: =VLOOKUP(C47,'KHĐT'!$I$2:$K$534,3,0) -> #N/A | H47: =IF(D47=0,0,IF(D47<F47,1,ROUND(D47/F47,1))) -> 0 | I47: =IF(D47=0,0,IF(D47<F47,1,ROUND(D47/F47,1))) -> 0 | J47: =COUNTIF('KHĐT'!$I$2:$I$534,C47) -> 0 | K47: =COUNTIF(TKB_HK2_Moi_Giang!G928:G933,C47) -> 0 | L47: =if(K47<=I47,"Ok","") -> Ok | M47: =G47*K47 -> #N/A
A48: 21 | D48: =SUMIFS('KHĐT'!$G:$G,'KHĐT'!$H:$H,B48) -> 0 | E48: 1 | F48: =ThamSo!$B$2 -> 38 | G48: =VLOOKUP(C48,'KHĐT'!$I$2:$K$534,3,0) -> #N/A | H48: =IF(D48=0,0,IF(D48<F48,1,ROUND(D48/F48,1))) -> 0 | I48: =IF(D48=0,0,IF(D48<F48,1,ROUND(D48/F48,1))) -> 0 | J48: =COUNTIF('KHĐT'!$I$2:$I$534,C48) -> 0 | K48: =COUNTIF(TKB_HK2_Moi_Giang!G928:G933,C48) -> 0 | L48: =if(K48<=I48,"Ok","") -> Ok | M48: =G48*K48 -> #N/A
A49: 22 | D49: =SUMIFS('KHĐT'!$G:$G,'KHĐT'!$H:$H,B49) -> 0 | E49: 1 | F49: =ThamSo!$B$2 -> 38 | G49: =VLOOKUP(C49,'KHĐT'!$I$2:$K$534,3,0) -> #N/A | H49: =IF(D49=0,0,IF(D49<F49,1,ROUND(D49/F49,1))) -> 0 | I49: =IF(D49=0,0,IF(D49<F49,1,ROUND(D49/F49,1))) -> 0 | J49: =COUNTIF('KHĐT'!$I$2:$I$534,C49) -> 0 | K49: =COUNTIF(TKB_HK2_Moi_Giang!G928:G933,C49) -> 0 | L49: =if(K49<=I49,"Ok","") -> Ok | M49: =G49*K49 -> #N/A
A50: 23 | D50: =SUMIFS('KHĐT'!$G:$G,'KHĐT'!$H:$H,B50) -> 0 | E50: 1 | F50: =ThamSo!$B$2 -> 38 | G50: =VLOOKUP(C50,'KHĐT'!$I$2:$K$534,3,0) -> #N/A | H50: =IF(D50=0,0,IF(D50<F50,1,ROUND(D50/F50,1))) -> 0 | I50: =IF(D50=0,0,IF(D50<F50,1,ROUND(D50/F50,1))) -> 0 | J50: =COUNTIF('KHĐT'!$I$2:$I$534,C50) -> 0 | K50: =COUNTIF(TKB_HK2_Moi_Giang!G928:G933,C50) -> 0 | L50: =if(K50<=I50,"Ok","") -> Ok | M50: =G50*K50 -> #N/A
A51: 24 | D51: =SUMIFS('KHĐT'!$G:$G,'KHĐT'!$H:$H,B51) -> 0 | E51: 1 | F51: =ThamSo!$B$2 -> 38 | G51: =VLOOKUP(C51,'KHĐT'!$I$2:$K$534,3,0) -> #N/A | H51: =IF(D51=0,0,IF(D51<F51,1,ROUND(D51/F51,1))) -> 0 | I51: =IF(D51=0,0,IF(D51<F51,1,ROUND(D51/F51,1))) -> 0 | J51: =COUNTIF('KHĐT'!$I$2:$I$534,C51) -> 0 | K51: =COUNTIF(TKB_HK2_Moi_Giang!G928:G933,C51) -> 0 | L51: =if(K51<=I51,"Ok","") -> Ok | M51: =G51*K51 -> #N/A
A52: 25 | D52: =SUMIFS('KHĐT'!$G:$G,'KHĐT'!$H:$H,B52) -> 0 | E52: 1 | F52: =ThamSo!$B$2 -> 38 | G52: =VLOOKUP(C52,'KHĐT'!$I$2:$K$534,3,0) -> #N/A | H52: =IF(D52=0,0,IF(D52<F52,1,ROUND(D52/F52,1))) -> 0 | I52: =IF(D52=0,0,IF(D52<F52,1,ROUND(D52/F52,1))) -> 0 | J52: =COUNTIF('KHĐT'!$I$2:$I$534,C52) -> 0 | K52: =COUNTIF(TKB_HK2_Moi_Giang!G928:G935,C52) -> 0 | L52: =if(K52<=I52,"Ok","") -> Ok | M52: =G52*K52 -> #N/A
A53: 26 | D53: =SUMIFS('KHĐT'!$G:$G,'KHĐT'!$H:$H,B53) -> 0 | E53: 1 | F53: =ThamSo!$B$2 -> 38 | G53: =VLOOKUP(C53,'KHĐT'!$I$2:$K$534,3,0) -> #N/A | H53: =IF(D53=0,0,IF(D53<F53,1,ROUND(D53/F53,1))) -> 0 | I53: =IF(D53=0,0,IF(D53<F53,1,ROUND(D53/F53,1))) -> 0 | J53: =COUNTIF('KHĐT'!$I$2:$I$534,C53) -> 0 | K53: =COUNTIF(TKB_HK2_Moi_Giang!G928:G936,C53) -> 0 | L53: =if(K53<=I53,"Ok","") -> Ok | M53: =G53*K53 -> #N/A
A54: 27 | D54: =SUMIFS('KHĐT'!$G:$G,'KHĐT'!$H:$H,B54) -> 0 | E54: 1 | F54: =ThamSo!$B$2 -> 38 | G54: =VLOOKUP(C54,'KHĐT'!$I$2:$K$534,3,0) -> #N/A | H54: =IF(D54=0,0,IF(D54<F54,1,ROUND(D54/F54,1))) -> 0 | I54: =IF(D54=0,0,IF(D54<F54,1,ROUND(D54/F54,1))) -> 0 | J54: =COUNTIF('KHĐT'!$I$2:$I$534,C54) -> 0 | K54: =COUNTIF(TKB_HK2_Moi_Giang!G928:G937,C54) -> 0 | L54: =if(K54<=I54,"Ok","") -> Ok | M54: =G54*K54 -> #N/A
A55: 28 | D55: =SUMIFS('KHĐT'!$G:$G,'KHĐT'!$H:$H,B55) -> 0 | E55: 1 | F55: =ThamSo!$B$2 -> 38 | G55: =VLOOKUP(C55,'KHĐT'!$I$2:$K$534,3,0) -> #N/A | H55: =IF(D55=0,0,IF(D55<F55,1,ROUND(D55/F55,1))) -> 0 | I55: =IF(D55=0,0,IF(D55<F55,1,ROUND(D55/F55,1))) -> 0 | J55: =COUNTIF('KHĐT'!$I$2:$I$534,C55) -> 0 | K55: =COUNTIF(TKB_HK2_Moi_Giang!G928:G938,C55) -> 0 | L55: =if(K55<=I55,"Ok","") -> Ok | M55: =G55*K55 -> #N/A
A56: 29 | D56: =SUMIFS('KHĐT'!$G:$G,'KHĐT'!$H:$H,B56) -> 0 | E56: 1 | F56: =ThamSo!$B$2 -> 38 | G56: =VLOOKUP(C56,'KHĐT'!$I$2:$K$534,3,0) -> #N/A | H56: =IF(D56=0,0,IF(D56<F56,1,ROUND(D56/F56,1))) -> 0 | I56: =IF(D56=0,0,IF(D56<F56,1,ROUND(D56/F56,1))) -> 0 | J56: =COUNTIF('KHĐT'!$I$2:$I$534,C56) -> 0 | K56: =COUNTIF(TKB_HK2_Moi_Giang!G928:G939,C56) -> 0 | L56: =if(K56<=I56,"Ok","") -> Ok | M56: =G56*K56 -> #N/A
A57: 30 | D57: =SUMIFS('KHĐT'!$G:$G,'KHĐT'!$H:$H,B57) -> 0 | E57: 1 | F57: =ThamSo!$B$2 -> 38 | G57: =VLOOKUP(C57,'KHĐT'!$I$2:$K$534,3,0) -> #N/A | H57: =IF(D57=0,0,IF(D57<F57,1,ROUND(D57/F57,1))) -> 0 | I57: =IF(D57=0,0,IF(D57<F57,1,ROUND(D57/F57,1))) -> 0 | J57: =COUNTIF('KHĐT'!$I$2:$I$534,C57) -> 0 | K57: =COUNTIF(TKB_HK2_Moi_Giang!G928:G946,C57) -> 0 | L57: =if(K57<=I57,"Ok","") -> Ok | M57: =G57*K57 -> #N/A
A58: 31 | D58: =SUMIFS('KHĐT'!$G:$G,'KHĐT'!$H:$H,B58) -> 0 | E58: 1 | F58: =ThamSo!$B$2 -> 38 | G58: =VLOOKUP(C58,'KHĐT'!$I$2:$K$534,3,0) -> #N/A | H58: =IF(D58=0,0,IF(D58<F58,1,ROUND(D58/F58,1))) -> 0 | I58: =IF(D58=0,0,IF(D58<F58,1,ROUND(D58/F58,1))) -> 0 | J58: =COUNTIF('KHĐT'!$I$2:$I$534,C58) -> 0 | K58: =COUNTIF(TKB_HK2_Moi_Giang!G928:G947,C58) -> 0 | L58: =if(K58<=I58,"Ok","") -> Ok | M58: =G58*K58 -> #N/A
A59: 32 | D59: =SUMIFS('KHĐT'!$G:$G,'KHĐT'!$H:$H,B59) -> 0 | E59: 1 | F59: =ThamSo!$B$2 -> 38 | G59: =VLOOKUP(C59,'KHĐT'!$I$2:$K$534,3,0) -> #N/A | H59: =IF(D59=0,0,IF(D59<F59,1,ROUND(D59/F59,1))) -> 0 | I59: =IF(D59=0,0,IF(D59<F59,1,ROUND(D59/F59,1))) -> 0 | J59: =COUNTIF('KHĐT'!$I$2:$I$534,C59) -> 0 | K59: =COUNTIF(TKB_HK2_Moi_Giang!G928:G948,C59) -> 0 | L59: =if(K59<=I59,"Ok","") -> Ok | M59: =G59*K59 -> #N/A
A60: 33 | D60: =SUMIFS('KHĐT'!$G:$G,'KHĐT'!$H:$H,B60) -> 0 | E60: 1 | F60: =ThamSo!$B$2 -> 38 | G60: =VLOOKUP(C60,'KHĐT'!$I$2:$K$534,3,0) -> #N/A | H60: =IF(D60=0,0,IF(D60<F60,1,ROUND(D60/F60,1))) -> 0 | I60: =IF(D60=0,0,IF(D60<F60,1,ROUND(D60/F60,1))) -> 0 | J60: =COUNTIF('KHĐT'!$I$2:$I$534,C60) -> 0 | K60: =COUNTIF(TKB_HK2_Moi_Giang!G928:G949,C60) -> 0 | L60: =if(K60<=I60,"Ok","") -> Ok | M60: =G60*K60 -> #N/A
A61: 34 | D61: =SUMIFS('KHĐT'!$G:$G,'KHĐT'!$H:$H,B61) -> 0 | E61: 1 | F61: =ThamSo!$B$2 -> 38 | G61: =VLOOKUP(C61,'KHĐT'!$I$2:$K$534,3,0) -> #N/A | H61: =IF(D61=0,0,IF(D61<F61,1,ROUND(D61/F61,1))) -> 0 | I61: =IF(D61=0,0,IF(D61<F61,1,ROUND(D61/F61,1))) -> 0 | J61: =COUNTIF('KHĐT'!$I$2:$I$534,C61) -> 0 | K61: =COUNTIF(TKB_HK2_Moi_Giang!G928:G950,C61) -> 0 | L61: =if(K61<=I61,"Ok","") -> Ok | M61: =G61*K61 -> #N/A
A62: 35 | D62: =SUMIFS('KHĐT'!$G:$G,'KHĐT'!$H:$H,B62) -> 0 | E62: 1 | F62: =ThamSo!$B$2 -> 38 | G62: =VLOOKUP(C62,'KHĐT'!$I$2:$K$534,3,0) -> #N/A | H62: =IF(D62=0,0,IF(D62<F62,1,ROUND(D62/F62,1))) -> 0 | I62: =IF(D62=0,0,IF(D62<F62,1,ROUND(D62/F62,1))) -> 0 | J62: =COUNTIF('KHĐT'!$I$2:$I$534,C62) -> 0 | K62: =COUNTIF(TKB_HK2_Moi_Giang!G928:G951,C62) -> 0 | L62: =if(K62<=I62,"Ok","") -> Ok | M62: =G62*K62 -> #N/A
A63: 36 | D63: =SUMIFS('KHĐT'!$G:$G,'KHĐT'!$H:$H,B63) -> 0 | E63: 1 | F63: =ThamSo!$B$2 -> 38 | G63: =VLOOKUP(C63,'KHĐT'!$I$2:$K$534,3,0) -> #N/A | H63: =IF(D63=0,0,IF(D63<F63,1,ROUND(D63/F63,1))) -> 0 | I63: =IF(D63=0,0,IF(D63<F63,1,ROUND(D63/F63,1))) -> 0 | J63: =COUNTIF('KHĐT'!$I$2:$I$534,C63) -> 0 | K63: =COUNTIF(TKB_HK2_Moi_Giang!G928:G951,C63) -> 0 | L63: =if(K63<=I63,"Ok","") -> Ok | M63: =G63*K63 -> #N/A
A64: 37 | D64: =SUMIFS('KHĐT'!$G:$G,'KHĐT'!$H:$H,B64) -> 0 | E64: 1 | F64: =ThamSo!$B$2 -> 38 | G64: =VLOOKUP(C64,'KHĐT'!$I$2:$K$534,3,0) -> #N/A | H64: =IF(D64=0,0,IF(D64<F64,1,ROUND(D64/F64,1))) -> 0 | I64: =IF(D64=0,0,IF(D64<F64,1,ROUND(D64/F64,1))) -> 0 | J64: =COUNTIF('KHĐT'!$I$2:$I$534,C64) -> 0 | K64: =COUNTIF(TKB_HK2_Moi_Giang!G928:G951,C64) -> 0 | L64: =if(K64<=I64,"Ok","") -> Ok | M64: =G64*K64 -> #N/A
A65: 38 | D65: =SUMIFS('KHĐT'!$G:$G,'KHĐT'!$H:$H,B65) -> 0 | E65: 1 | F65: =ThamSo!$B$2 -> 38 | G65: =VLOOKUP(C65,'KHĐT'!$I$2:$K$534,3,0) -> #N/A | H65: =IF(D65=0,0,IF(D65<F65,1,ROUND(D65/F65,1))) -> 0 | I65: =IF(D65=0,0,IF(D65<F65,1,ROUND(D65/F65,1))) -> 0 | J65: =COUNTIF('KHĐT'!$I$2:$I$534,C65) -> 0 | K65: =COUNTIF(TKB_HK2_Moi_Giang!G928:G951,C65) -> 0 | L65: =if(K65<=I65,"Ok","") -> Ok | M65: =G65*K65 -> #N/A
A66: 39 | D66: =SUMIFS('KHĐT'!$G:$G,'KHĐT'!$H:$H,B66) -> 0 | E66: 1 | F66: =ThamSo!$B$2 -> 38 | G66: =VLOOKUP(C66,'KHĐT'!$I$2:$K$534,3,0) -> #N/A | H66: =IF(D66=0,0,IF(D66<F66,1,ROUND(D66/F66,1))) -> 0 | I66: =IF(D66=0,0,IF(D66<F66,1,ROUND(D66/F66,1))) -> 0 | J66: =COUNTIF('KHĐT'!$I$2:$I$534,C66) -> 0 | K66: =COUNTIF(TKB_HK2_Moi_Giang!G928:G951,C66) -> 0 | L66: =if(K66<=I66,"Ok","") -> Ok | M66: =G66*K66 -> #N/A
A67: 40 | D67: =SUMIFS('KHĐT'!$G:$G,'KHĐT'!$H:$H,B67) -> 0 | E67: 1 | F67: =ThamSo!$B$2 -> 38 | G67: =VLOOKUP(C67,'KHĐT'!$I$2:$K$534,3,0) -> #N/A | H67: =IF(D67=0,0,IF(D67<F67,1,ROUND(D67/F67,1))) -> 0 | I67: =IF(D67=0,0,IF(D67<F67,1,ROUND(D67/F67,1))) -> 0 | J67: =COUNTIF('KHĐT'!$I$2:$I$534,C67) -> 0 | K67: =COUNTIF(TKB_HK2_Moi_Giang!G928:G951,C67) -> 0 | L67: =if(K67<=I67,"Ok","") -> Ok | M67: =G67*K67 -> #N/A
A68: 41 | D68: =SUMIFS('KHĐT'!$G:$G,'KHĐT'!$H:$H,B68) -> 0 | E68: 1 | F68: =ThamSo!$B$2 -> 38 | G68: =VLOOKUP(C68,'KHĐT'!$I$2:$K$534,3,0) -> #N/A | H68: =IF(D68=0,0,IF(D68<F68,1,ROUND(D68/F68,1))) -> 0 | I68: =IF(D68=0,0,IF(D68<F68,1,ROUND(D68/F68,1))) -> 0 | J68: =COUNTIF('KHĐT'!$I$2:$I$534,C68) -> 0 | K68: =COUNTIF(TKB_HK2_Moi_Giang!G928:G951,C68) -> 0 | L68: =if(K68<=I68,"Ok","") -> Ok | M68: =G68*K68 -> #N/A
A69: 42 | D69: =SUMIFS('KHĐT'!$G:$G,'KHĐT'!$H:$H,B69) -> 0 | E69: 1 | F69: =ThamSo!$B$2 -> 38 | G69: =VLOOKUP(C69,'KHĐT'!$I$2:$K$534,3,0) -> #N/A | H69: =IF(D69=0,0,IF(D69<F69,1,ROUND(D69/F69,1))) -> 0 | I69: =IF(D69=0,0,IF(D69<F69,1,ROUND(D69/F69,1))) -> 0 | J69: =COUNTIF('KHĐT'!$I$2:$I$534,C69) -> 0 | K69: =COUNTIF(TKB_HK2_Moi_Giang!G928:G952,C69) -> 0 | L69: =if(K69<=I69,"Ok","") -> Ok | M69: =G69*K69 -> #N/A
A70: 43 | D70: =SUMIFS('KHĐT'!$G:$G,'KHĐT'!$H:$H,B70) -> 0 | E70: 1 | F70: =ThamSo!$B$2 -> 38 | G70: =VLOOKUP(C70,'KHĐT'!$I$2:$K$534,3,0) -> #N/A | H70: =IF(D70=0,0,IF(D70<F70,1,ROUND(D70/F70,1))) -> 0 | I70: =IF(D70=0,0,IF(D70<F70,1,ROUND(D70/F70,1))) -> 0 | J70: =COUNTIF('KHĐT'!$I$2:$I$534,C70) -> 0 | K70: =COUNTIF(TKB_HK2_Moi_Giang!G928:G953,C70) -> 0 | L70: =if(K70<=I70,"Ok","") -> Ok | M70: =G70*K70 -> #N/A
A71: 44 | D71: =SUMIFS('KHĐT'!$G:$G,'KHĐT'!$H:$H,B71) -> 0 | E71: 1 | F71: =ThamSo!$B$2 -> 38 | G71: =VLOOKUP(C71,'KHĐT'!$I$2:$K$534,3,0) -> #N/A | H71: =IF(D71=0,0,IF(D71<F71,1,ROUND(D71/F71,1))) -> 0 | I71: =IF(D71=0,0,IF(D71<F71,1,ROUND(D71/F71,1))) -> 0 | J71: =COUNTIF('KHĐT'!$I$2:$I$534,C71) -> 0 | K71: =COUNTIF(TKB_HK2_Moi_Giang!G928:G954,C71) -> 0 | L71: =if(K71<=I71,"Ok","") -> Ok | M71: =G71*K71 -> #N/A
A72: 45 | D72: =SUMIFS('KHĐT'!$G:$G,'KHĐT'!$H:$H,B72) -> 0 | E72: 1 | F72: =ThamSo!$B$2 -> 38 | G72: =VLOOKUP(C72,'KHĐT'!$I$2:$K$534,3,0) -> #N/A | H72: =IF(D72=0,0,IF(D72<F72,1,ROUND(D72/F72,1))) -> 0 | I72: =IF(D72=0,0,IF(D72<F72,1,ROUND(D72/F72,1))) -> 0 | J72: =COUNTIF('KHĐT'!$I$2:$I$534,C72) -> 0 | K72: =COUNTIF(TKB_HK2_Moi_Giang!G928:G955,C72) -> 0 | L72: =if(K72<=I72,"Ok","") -> Ok | M72: =G72*K72 -> #N/A
A73: 46 | D73: =SUMIFS('KHĐT'!$G:$G,'KHĐT'!$H:$H,B73) -> 0 | E73: 1 | F73: =ThamSo!$B$2 -> 38 | G73: =VLOOKUP(C73,'KHĐT'!$I$2:$K$534,3,0) -> #N/A | H73: =IF(D73=0,0,IF(D73<F73,1,ROUND(D73/F73,1))) -> 0 | I73: =IF(D73=0,0,IF(D73<F73,1,ROUND(D73/F73,1))) -> 0 | J73: =COUNTIF('KHĐT'!$I$2:$I$534,C73) -> 0 | K73: =COUNTIF(TKB_HK2_Moi_Giang!G928:G956,C73) -> 0 | L73: =if(K73<=I73,"Ok","") -> Ok | M73: =G73*K73 -> #N/A
A74: 47 | D74: =SUMIFS('KHĐT'!$G:$G,'KHĐT'!$H:$H,B74) -> 0 | E74: 1 | F74: =ThamSo!$B$2 -> 38 | G74: =VLOOKUP(C74,'KHĐT'!$I$2:$K$534,3,0) -> #N/A | H74: =IF(D74=0,0,IF(D74<F74,1,ROUND(D74/F74,1))) -> 0 | I74: =IF(D74=0,0,IF(D74<F74,1,ROUND(D74/F74,1))) -> 0 | J74: =COUNTIF('KHĐT'!$I$2:$I$534,C74) -> 0 | K74: =COUNTIF(TKB_HK2_Moi_Giang!G928:G957,C74) -> 0 | L74: =if(K74<=I74,"Ok","") -> Ok | M74: =G74*K74 -> #N/A
A75: 48 | D75: =SUMIFS('KHĐT'!$G:$G,'KHĐT'!$H:$H,B75) -> 0 | E75: 1 | F75: =ThamSo!$B$2 -> 38 | G75: =VLOOKUP(C75,'KHĐT'!$I$2:$K$534,3,0) -> #N/A | H75: =IF(D75=0,0,IF(D75<F75,1,ROUND(D75/F75,1))) -> 0 | I75: =IF(D75=0,0,IF(D75<F75,1,ROUND(D75/F75,1))) -> 0 | J75: =COUNTIF('KHĐT'!$I$2:$I$534,C75) -> 0 | K75: =COUNTIF(TKB_HK2_Moi_Giang!G928:G958,C75) -> 0 | L75: =if(K75<=I75,"Ok","") -> Ok | M75: =G75*K75 -> #N/A
A76: 49 | D76: =SUMIFS('KHĐT'!$G:$G,'KHĐT'!$H:$H,B76) -> 0 | E76: 1 | F76: =ThamSo!$B$2 -> 38 | G76: =VLOOKUP(C76,'KHĐT'!$I$2:$K$534,3,0) -> #N/A | H76: =IF(D76=0,0,IF(D76<F76,1,ROUND(D76/F76,1))) -> 0 | I76: =IF(D76=0,0,IF(D76<F76,1,ROUND(D76/F76,1))) -> 0 | J76: =COUNTIF('KHĐT'!$I$2:$I$534,C76) -> 0 | K76: =COUNTIF(TKB_HK2_Moi_Giang!G928:G959,C76) -> 0 | L76: =if(K76<=I76,"Ok","") -> Ok | M76: =G76*K76 -> #N/A
A77: 50 | D77: =SUMIFS('KHĐT'!$G:$G,'KHĐT'!$H:$H,B77) -> 0 | E77: 1 | F77: =ThamSo!$B$2 -> 38 | G77: =VLOOKUP(C77,'KHĐT'!$I$2:$K$534,3,0) -> #N/A | H77: =IF(D77=0,0,IF(D77<F77,1,ROUND(D77/F77,1))) -> 0 | I77: =IF(D77=0,0,IF(D77<F77,1,ROUND(D77/F77,1))) -> 0 | J77: =COUNTIF('KHĐT'!$I$2:$I$534,C77) -> 0 | K77: =COUNTIF(TKB_HK2_Moi_Giang!G928:G960,C77) -> 0 | L77: =if(K77<=I77,"Ok","") -> Ok | M77: =G77*K77 -> #N/A
A78: 51 | D78: =SUMIFS('KHĐT'!$G:$G,'KHĐT'!$H:$H,B78) -> 0 | E78: 1 | F78: =ThamSo!$B$2 -> 38 | G78: =VLOOKUP(C78,'KHĐT'!$I$2:$K$534,3,0) -> #N/A | H78: =IF(D78=0,0,IF(D78<F78,1,ROUND(D78/F78,1))) -> 0 | I78: =IF(D78=0,0,IF(D78<F78,1,ROUND(D78/F78,1))) -> 0 | J78: =COUNTIF('KHĐT'!$I$2:$I$534,C78) -> 0 | K78: =COUNTIF(TKB_HK2_Moi_Giang!G928:G961,C78) -> 0 | L78: =if(K78<=I78,"Ok","") -> Ok | M78: =G78*K78 -> #N/A
A79: 52 | D79: =SUMIFS('KHĐT'!$G:$G,'KHĐT'!$H:$H,B79) -> 0 | E79: 1 | F79: =ThamSo!$B$2 -> 38 | G79: =VLOOKUP(C79,'KHĐT'!$I$2:$K$534,3,0) -> #N/A | H79: =IF(D79=0,0,IF(D79<F79,1,ROUND(D79/F79,1))) -> 0 | I79: =IF(D79=0,0,IF(D79<F79,1,ROUND(D79/F79,1))) -> 0 | J79: =COUNTIF('KHĐT'!$I$2:$I$534,C79) -> 0 | K79: =COUNTIF(TKB_HK2_Moi_Giang!G928:G962,C79) -> 0 | L79: =if(K79<=I79,"Ok","") -> Ok | M79: =G79*K79 -> #N/A
A80: 53 | D80: =SUMIFS('KHĐT'!$G:$G,'KHĐT'!$H:$H,B80) -> 0 | E80: 1 | F80: =ThamSo!$B$2 -> 38 | G80: =VLOOKUP(C80,'KHĐT'!$I$2:$K$534,3,0) -> #N/A | H80: =IF(D80=0,0,IF(D80<F80,1,ROUND(D80/F80,1))) -> 0 | I80: =IF(D80=0,0,IF(D80<F80,1,ROUND(D80/F80,1))) -> 0 | J80: =COUNTIF('KHĐT'!$I$2:$I$534,C80) -> 0 | K80: =COUNTIF(TKB_HK2_Moi_Giang!G928:G963,C80) -> 0 | L80: =if(K80<=I80,"Ok","") -> Ok | M80: =G80*K80 -> #N/A
A81: 54 | D81: =SUMIFS('KHĐT'!$G:$G,'KHĐT'!$H:$H,B81) -> 0 | E81: 1 | F81: =ThamSo!$B$2 -> 38 | G81: =VLOOKUP(C81,'KHĐT'!$I$2:$K$534,3,0) -> #N/A | H81: =IF(D81=0,0,IF(D81<F81,1,ROUND(D81/F81,1))) -> 0 | I81: =IF(D81=0,0,IF(D81<F81,1,ROUND(D81/F81,1))) -> 0 | J81: =COUNTIF('KHĐT'!$I$2:$I$534,C81) -> 0 | K81: =COUNTIF(TKB_HK2_Moi_Giang!G928:G964,C81) -> 0 | L81: =if(K81<=I81,"Ok","") -> Ok | M81: =G81*K81 -> #N/A
A82: 55 | D82: =SUMIFS('KHĐT'!$G:$G,'KHĐT'!$H:$H,B82) -> 0 | E82: 1 | F82: =ThamSo!$B$2 -> 38 | G82: =VLOOKUP(C82,'KHĐT'!$I$2:$K$534,3,0) -> #N/A | H82: =IF(D82=0,0,IF(D82<F82,1,ROUND(D82/F82,1))) -> 0 | I82: =IF(D82=0,0,IF(D82<F82,1,ROUND(D82/F82,1))) -> 0 | J82: =COUNTIF('KHĐT'!$I$2:$I$534,C82) -> 0 | K82: =COUNTIF(TKB_HK2_Moi_Giang!G928:G965,C82) -> 0 | L82: =if(K82<=I82,"Ok","") -> Ok | M82: =G82*K82 -> #N/A
A83: 56 | D83: =SUMIFS('KHĐT'!$G:$G,'KHĐT'!$H:$H,B83) -> 0 | E83: 1 | F83: =ThamSo!$B$2 -> 38 | G83: =VLOOKUP(C83,'KHĐT'!$I$2:$K$534,3,0) -> #N/A | H83: =IF(D83=0,0,IF(D83<F83,1,ROUND(D83/F83,1))) -> 0 | I83: =IF(D83=0,0,IF(D83<F83,1,ROUND(D83/F83,1))) -> 0 | J83: =COUNTIF('KHĐT'!$I$2:$I$534,C83) -> 0 | K83: =COUNTIF(TKB_HK2_Moi_Giang!G928:G966,C83) -> 0 | L83: =if(K83<=I83,"Ok","") -> Ok | M83: =G83*K83 -> #N/A
A84: 57 | D84: =SUMIFS('KHĐT'!$G:$G,'KHĐT'!$H:$H,B84) -> 0 | E84: 1 | F84: =ThamSo!$B$2 -> 38 | G84: =VLOOKUP(C84,'KHĐT'!$I$2:$K$534,3,0) -> #N/A | H84: =IF(D84=0,0,IF(D84<F84,1,ROUND(D84/F84,1))) -> 0 | I84: =IF(D84=0,0,IF(D84<F84,1,ROUND(D84/F84,1))) -> 0 | J84: =COUNTIF('KHĐT'!$I$2:$I$534,C84) -> 0 | K84: =COUNTIF(TKB_HK2_Moi_Giang!G928:G967,C84) -> 0 | L84: =if(K84<=I84,"Ok","") -> Ok | M84: =G84*K84 -> #N/A
A85: 58 | D85: =SUMIFS('KHĐT'!$G:$G,'KHĐT'!$H:$H,B85) -> 0 | E85: 1 | F85: =ThamSo!$B$2 -> 38 | G85: =VLOOKUP(C85,'KHĐT'!$I$2:$K$534,3,0) -> #N/A | H85: =IF(D85=0,0,IF(D85<F85,1,ROUND(D85/F85,1))) -> 0 | I85: =IF(D85=0,0,IF(D85<F85,1,ROUND(D85/F85,1))) -> 0 | J85: =COUNTIF('KHĐT'!$I$2:$I$534,C85) -> 0 | K85: =COUNTIF(TKB_HK2_Moi_Giang!G928:G968,C85) -> 0 | L85: =if(K85<=I85,"Ok","") -> Ok | M85: =G85*K85 -> #N/A
A86: 59 | D86: =SUMIFS('KHĐT'!$G:$G,'KHĐT'!$H:$H,B86) -> 0 | E86: 1 | F86: =ThamSo!$B$2 -> 38 | G86: =VLOOKUP(C86,'KHĐT'!$I$2:$K$534,3,0) -> #N/A | H86: =IF(D86=0,0,IF(D86<F86,1,ROUND(D86/F86,1))) -> 0 | I86: =IF(D86=0,0,IF(D86<F86,1,ROUND(D86/F86,1))) -> 0 | J86: =COUNTIF('KHĐT'!$I$2:$I$534,C86) -> 0 | K86: =COUNTIF(TKB_HK2_Moi_Giang!G928:G969,C86) -> 0 | L86: =if(K86<=I86,"Ok","") -> Ok | M86: =G86*K86 -> #N/A
A87: 60 | D87: =SUMIFS('KHĐT'!$G:$G,'KHĐT'!$H:$H,B87) -> 0 | E87: 1 | F87: =ThamSo!$B$2 -> 38 | G87: =VLOOKUP(C87,'KHĐT'!$I$2:$K$534,3,0) -> #N/A | H87: =IF(D87=0,0,IF(D87<F87,1,ROUND(D87/F87,1))) -> 0 | I87: =IF(D87=0,0,IF(D87<F87,1,ROUND(D87/F87,1))) -> 0 | J87: =COUNTIF('KHĐT'!$I$2:$I$534,C87) -> 0 | K87: =COUNTIF(TKB_HK2_Moi_Giang!G928:G970,C87) -> 0 | L87: =if(K87<=I87,"Ok","") -> Ok | M87: =G87*K87 -> #N/A
A88: 61 | D88: =SUMIFS('KHĐT'!$G:$G,'KHĐT'!$H:$H,B88) -> 0 | E88: 1 | F88: =ThamSo!$B$2 -> 38 | G88: =VLOOKUP(C88,'KHĐT'!$I$2:$K$534,3,0) -> #N/A | H88: =IF(D88=0,0,IF(D88<F88,1,ROUND(D88/F88,1))) -> 0 | I88: =IF(D88=0,0,IF(D88<F88,1,ROUND(D88/F88,1))) -> 0 | J88: =COUNTIF('KHĐT'!$I$2:$I$534,C88) -> 0 | K88: =COUNTIF(TKB_HK2_Moi_Giang!G928:G971,C88) -> 0 | L88: =if(K88<=I88,"Ok","") -> Ok | M88: =G88*K88 -> #N/A
A89: 62 | D89: =SUMIFS('KHĐT'!$G:$G,'KHĐT'!$H:$H,B89) -> 0 | E89: 1 | F89: =ThamSo!$B$2 -> 38 | G89: =VLOOKUP(C89,'KHĐT'!$I$2:$K$534,3,0) -> #N/A | H89: =IF(D89=0,0,IF(D89<F89,1,ROUND(D89/F89,1))) -> 0 | I89: =IF(D89=0,0,IF(D89<F89,1,ROUND(D89/F89,1))) -> 0 | J89: =COUNTIF('KHĐT'!$I$2:$I$534,C89) -> 0 | K89: =COUNTIF(TKB_HK2_Moi_Giang!G928:G972,C89) -> 0 | L89: =if(K89<=I89,"Ok","") -> Ok | M89: =G89*K89 -> #N/A
A90: 63 | D90: =SUMIFS('KHĐT'!$G:$G,'KHĐT'!$H:$H,B90) -> 0 | E90: 1 | F90: =ThamSo!$B$2 -> 38 | G90: =VLOOKUP(C90,'KHĐT'!$I$2:$K$534,3,0) -> #N/A | H90: =IF(D90=0,0,IF(D90<F90,1,ROUND(D90/F90,1))) -> 0 | I90: =IF(D90=0,0,IF(D90<F90,1,ROUND(D90/F90,1))) -> 0 | J90: =COUNTIF('KHĐT'!$I$2:$I$534,C90) -> 0 | K90: =COUNTIF(TKB_HK2_Moi_Giang!G928:G973,C90) -> 0 | L90: =if(K90<=I90,"Ok","") -> Ok | M90: =G90*K90 -> #N/A
A91: 64 | D91: =SUMIFS('KHĐT'!$G:$G,'KHĐT'!$H:$H,B91) -> 0 | E91: 1 | F91: =ThamSo!$B$2 -> 38 | G91: =VLOOKUP(C91,'KHĐT'!$I$2:$K$534,3,0) -> #N/A | H91: =IF(D91=0,0,IF(D91<F91,1,ROUND(D91/F91,1))) -> 0 | I91: =IF(D91=0,0,IF(D91<F91,1,ROUND(D91/F91,1))) -> 0 | J91: =COUNTIF('KHĐT'!$I$2:$I$534,C91) -> 0 | K91: =COUNTIF(TKB_HK2_Moi_Giang!G928:G974,C91) -> 0 | L91: =if(K91<=I91,"Ok","") -> Ok | M91: =G91*K91 -> #N/A
A92: 65 | D92: =SUMIFS('KHĐT'!$G:$G,'KHĐT'!$H:$H,B92) -> 0 | E92: 1 | F92: =ThamSo!$B$2 -> 38 | G92: =VLOOKUP(C92,'KHĐT'!$I$2:$K$534,3,0) -> #N/A | H92: =IF(D92=0,0,IF(D92<F92,1,ROUND(D92/F92,1))) -> 0 | I92: =IF(D92=0,0,IF(D92<F92,1,ROUND(D92/F92,1))) -> 0 | J92: =COUNTIF('KHĐT'!$I$2:$I$534,C92) -> 0 | K92: =COUNTIF(TKB_HK2_Moi_Giang!G928:G975,C92) -> 0 | L92: =if(K92<=I92,"Ok","") -> Ok | M92: =G92*K92 -> #N/A
A93: 66 | D93: =SUMIFS('KHĐT'!$G:$G,'KHĐT'!$H:$H,B93) -> 0 | E93: 1 | F93: =ThamSo!$B$2 -> 38 | G93: =VLOOKUP(C93,'KHĐT'!$I$2:$K$534,3,0) -> #N/A | H93: =IF(D93=0,0,IF(D93<F93,1,ROUND(D93/F93,1))) -> 0 | I93: =IF(D93=0,0,IF(D93<F93,1,ROUND(D93/F93,1))) -> 0 | J93: =COUNTIF('KHĐT'!$I$2:$I$534,C93) -> 0 | K93: =COUNTIF(TKB_HK2_Moi_Giang!G928:G940,C93) -> 0 | L93: =if(K93<=I93,"Ok","") -> Ok | M93: =G93*K93 -> #N/A
A94: 67 | D94: =SUMIFS('KHĐT'!$G:$G,'KHĐT'!$H:$H,B94) -> 0 | E94: 1 | F94: =ThamSo!$B$2 -> 38 | G94: =VLOOKUP(C94,'KHĐT'!$I$2:$K$534,3,0) -> #N/A | H94: =IF(D94=0,0,IF(D94<F94,1,ROUND(D94/F94,1))) -> 0 | I94: =IF(D94=0,0,IF(D94<F94,1,ROUND(D94/F94,1))) -> 0 | J94: =COUNTIF('KHĐT'!$I$2:$I$534,C94) -> 0 | K94: =COUNTIF(TKB_HK2_Moi_Giang!G928:G941,C94) -> 0 | L94: =if(K94<=I94,"Ok","") -> Ok | M94: =G94*K94 -> #N/A
A95: 68 | D95: =SUMIFS('KHĐT'!$G:$G,'KHĐT'!$H:$H,B95) -> 0 | E95: 1 | F95: =ThamSo!$B$2 -> 38 | G95: =VLOOKUP(C95,'KHĐT'!$I$2:$K$534,3,0) -> #N/A | H95: =IF(D95=0,0,IF(D95<F95,1,ROUND(D95/F95,1))) -> 0 | I95: =IF(D95=0,0,IF(D95<F95,1,ROUND(D95/F95,1))) -> 0 | J95: =COUNTIF('KHĐT'!$I$2:$I$534,C95) -> 0 | K95: =COUNTIF(TKB_HK2_Moi_Giang!G928:G942,C95) -> 0 | L95: =if(K95<=I95,"Ok","") -> Ok | M95: =G95*K95 -> #N/A
A96: 69 | D96: =SUMIFS('KHĐT'!$G:$G,'KHĐT'!$H:$H,B96) -> 0 | E96: 1 | F96: =ThamSo!$B$2 -> 38 | G96: =VLOOKUP(C96,'KHĐT'!$I$2:$K$534,3,0) -> #N/A | H96: =IF(D96=0,0,IF(D96<F96,1,ROUND(D96/F96,1))) -> 0 | I96: =IF(D96=0,0,IF(D96<F96,1,ROUND(D96/F96,1))) -> 0 | J96: =COUNTIF('KHĐT'!$I$2:$I$534,C96) -> 0 | K96: =COUNTIF(TKB_HK2_Moi_Giang!G928:G943,C96) -> 0 | L96: =if(K96<=I96,"Ok","") -> Ok | M96: =G96*K96 -> #N/A
A97: 70 | D97: =SUMIFS('KHĐT'!$G:$G,'KHĐT'!$H:$H,B97) -> 0 | E97: 1 | F97: =ThamSo!$B$2 -> 38 | G97: =VLOOKUP(C97,'KHĐT'!$I$2:$K$534,3,0) -> #N/A | H97: =IF(D97=0,0,IF(D97<F97,1,ROUND(D97/F97,1))) -> 0 | I97: =IF(D97=0,0,IF(D97<F97,1,ROUND(D97/F97,1))) -> 0 | J97: =COUNTIF('KHĐT'!$I$2:$I$534,C97) -> 0 | K97: =COUNTIF(TKB_HK2_Moi_Giang!G928:G944,C97) -> 0 | L97: =if(K97<=I97,"Ok","") -> Ok
A98: 71 | D98: =SUMIFS('KHĐT'!$G:$G,'KHĐT'!$H:$H,B98) -> 0 | E98: 1 | F98: =ThamSo!$B$2 -> 38 | G98: =VLOOKUP(C98,'KHĐT'!$I$2:$K$534,3,0) -> #N/A | H98: =IF(D98=0,0,IF(D98<F98,1,ROUND(D98/F98,1))) -> 0 | I98: =IF(D98=0,0,IF(D98<F98,1,ROUND(D98/F98,1))) -> 0 | J98: =COUNTIF('KHĐT'!$I$2:$I$534,C98) -> 0 | K98: =COUNTIF(TKB_HK2_Moi_Giang!G928:G975,C98) -> 0 | L98: =if(K98<=I98,"Ok","") -> Ok | M98: =G98*K98 -> #N/A
A99: 72 | D99: =SUMIFS('KHĐT'!$G:$G,'KHĐT'!$H:$H,B99) -> 0 | E99: 1 | F99: =ThamSo!$B$2 -> 38 | G99: =VLOOKUP(C99,'KHĐT'!$I$2:$K$534,3,0) -> #N/A | H99: =IF(D99=0,0,IF(D99<F99,1,ROUND(D99/F99,1))) -> 0 | I99: =IF(D99=0,0,IF(D99<F99,1,ROUND(D99/F99,1))) -> 0 | J99: =COUNTIF('KHĐT'!$I$2:$I$534,C99) -> 0 | K99: =COUNTIF(TKB_HK2_Moi_Giang!G928:G976,C99) -> 0 | L99: =if(K99<=I99,"Ok","") -> Ok | M99: =G99*K99 -> #N/A
A100: 73 | D100: =SUMIFS('KHĐT'!$G:$G,'KHĐT'!$H:$H,B100) -> 0 | E100: 1 | F100: =ThamSo!$B$2 -> 38 | G100: =VLOOKUP(C100,'KHĐT'!$I$2:$K$534,3,0) -> #N/A | H100: =IF(D100=0,0,IF(D100<F100,1,ROUND(D100/F100,1))) -> 0 | I100: =IF(D100=0,0,IF(D100<F100,1,ROUND(D100/F100,1))) -> 0 | J100: =COUNTIF('KHĐT'!$I$2:$I$534,C100) -> 0 | K100: =COUNTIF(TKB_HK2_Moi_Giang!G928:G977,C100) -> 0 | L100: =if(K100<=I100,"Ok","") -> Ok | M100: =G100*K100 -> #N/A
A101: 74 | D101: =SUMIFS('KHĐT'!$G:$G,'KHĐT'!$H:$H,B101) -> 0 | E101: 1 | F101: =ThamSo!$B$2 -> 38 | G101: =VLOOKUP(C101,'KHĐT'!$I$2:$K$534,3,0) -> #N/A | H101: =IF(D101=0,0,IF(D101<F101,1,ROUND(D101/F101,1))) -> 0 | I101: =IF(D101=0,0,IF(D101<F101,1,ROUND(D101/F101,1))) -> 0 | J101: =COUNTIF('KHĐT'!$I$2:$I$534,C101) -> 0 | K101: =COUNTIF(TKB_HK2_Moi_Giang!G928:G978,C101) -> 0 | L101: =if(K101<=I101,"Ok","") -> Ok | M101: =G101*K101 -> #N/A
A102: 75 | D102: =SUMIFS('KHĐT'!$G:$G,'KHĐT'!$H:$H,B102) -> 0 | E102: 1 | F102: =ThamSo!$B$2 -> 38 | G102: =VLOOKUP(C102,'KHĐT'!$I$2:$K$534,3,0) -> #N/A | H102: =IF(D102=0,0,IF(D102<F102,1,ROUND(D102/F102,1))) -> 0 | I102: =IF(D102=0,0,IF(D102<F102,1,ROUND(D102/F102,1))) -> 0 | J102: =COUNTIF('KHĐT'!$I$2:$I$534,C102) -> 0 | K102: =COUNTIF(TKB_HK2_Moi_Giang!G928:G979,C102) -> 0 | L102: =if(K102<=I102,"Ok","") -> Ok | M102: =G102*K102 -> #N/A
A103: 76 | D103: =SUMIFS('KHĐT'!$G:$G,'KHĐT'!$H:$H,B103) -> 0 | E103: 1 | F103: =ThamSo!$B$2 -> 38 | G103: =VLOOKUP(C103,'KHĐT'!$I$2:$K$534,3,0) -> #N/A | H103: =IF(D103=0,0,IF(D103<F103,1,ROUND(D103/F103,1))) -> 0 | I103: =IF(D103=0,0,IF(D103<F103,1,ROUND(D103/F103,1))) -> 0 | J103: =COUNTIF('KHĐT'!$I$2:$I$534,C103) -> 0 | K103: =COUNTIF(TKB_HK2_Moi_Giang!G928:G980,C103) -> 0 | L103: =if(K103<=I103,"Ok","") -> Ok | M103: =G103*K103 -> #N/A
A104: 77 | D104: =SUMIFS('KHĐT'!$G:$G,'KHĐT'!$H:$H,B104) -> 0 | E104: 1 | F104: =ThamSo!$B$2 -> 38 | G104: =VLOOKUP(C104,'KHĐT'!$I$2:$K$534,3,0) -> #N/A | H104: =IF(D104=0,0,IF(D104<F104,1,ROUND(D104/F104,1))) -> 0 | I104: =IF(D104=0,0,IF(D104<F104,1,ROUND(D104/F104,1))) -> 0 | J104: =COUNTIF('KHĐT'!$I$2:$I$534,C104) -> 0 | K104: =COUNTIF(TKB_HK2_Moi_Giang!G928:G981,C104) -> 0 | L104: =if(K104<=I104,"Ok","") -> Ok | M104: =G104*K104 -> #N/A
A105: 78 | D105: =SUMIFS('KHĐT'!$G:$G,'KHĐT'!$H:$H,B105) -> 0 | E105: 1 | F105: =ThamSo!$B$2 -> 38 | G105: =VLOOKUP(C105,'KHĐT'!$I$2:$K$534,3,0) -> #N/A | H105: =IF(D105=0,0,IF(D105<F105,1,ROUND(D105/F105,1))) -> 0 | I105: =IF(D105=0,0,IF(D105<F105,1,ROUND(D105/F105,1))) -> 0 | J105: =COUNTIF('KHĐT'!$I$2:$I$534,C105) -> 0 | K105: =COUNTIF(TKB_HK2_Moi_Giang!G928:G982,C105) -> 0 | L105: =if(K105<=I105,"Ok","") -> Ok | M105: =G105*K105 -> #N/A
A106: 79 | D106: =SUMIFS('KHĐT'!$G:$G,'KHĐT'!$H:$H,B106) -> 0 | E106: 1 | F106: =ThamSo!$B$2 -> 38 | G106: =VLOOKUP(C106,'KHĐT'!$I$2:$K$534,3,0) -> #N/A | H106: =IF(D106=0,0,IF(D106<F106,1,ROUND(D106/F106,1))) -> 0 | I106: =IF(D106=0,0,IF(D106<F106,1,ROUND(D106/F106,1))) -> 0 | J106: =COUNTIF('KHĐT'!$I$2:$I$534,C106) -> 0 | K106: =COUNTIF(TKB_HK2_Moi_Giang!G928:G983,C106) -> 0 | L106: =if(K106<=I106,"Ok","") -> Ok | M106: =G106*K106 -> #N/A
A107: 80 | D107: =SUMIFS('KHĐT'!$G:$G,'KHĐT'!$H:$H,B107) -> 0 | E107: 1 | F107: =ThamSo!$B$2 -> 38 | G107: =VLOOKUP(C107,'KHĐT'!$I$2:$K$534,3,0) -> #N/A | H107: =IF(D107=0,0,IF(D107<F107,1,ROUND(D107/F107,1))) -> 0 | I107: =IF(D107=0,0,IF(D107<F107,1,ROUND(D107/F107,1))) -> 0 | J107: =COUNTIF('KHĐT'!$I$2:$I$534,C107) -> 0 | K107: =COUNTIF(TKB_HK2_Moi_Giang!G928:G984,C107) -> 0 | L107: =if(K107<=I107,"Ok","") -> Ok | M107: =G107*K107 -> #N/A
A108: 81 | D108: =SUMIFS('KHĐT'!$G:$G,'KHĐT'!$H:$H,B108) -> 0 | E108: 1 | F108: =ThamSo!$B$2 -> 38 | G108: =VLOOKUP(C108,'KHĐT'!$I$2:$K$534,3,0) -> #N/A | H108: =IF(D108=0,0,IF(D108<F108,1,ROUND(D108/F108,1))) -> 0 | I108: =IF(D108=0,0,IF(D108<F108,1,ROUND(D108/F108,1))) -> 0 | J108: =COUNTIF('KHĐT'!$I$2:$I$534,C108) -> 0 | K108: =COUNTIF(TKB_HK2_Moi_Giang!G928:G985,C108) -> 0 | L108: =if(K108<=I108,"Ok","") -> Ok | M108: =G108*K108 -> #N/A
A109: 82 | D109: =SUMIFS('KHĐT'!$G:$G,'KHĐT'!$H:$H,B109) -> 0 | E109: 1 | F109: =ThamSo!$B$2 -> 38 | G109: =VLOOKUP(C109,'KHĐT'!$I$2:$K$534,3,0) -> #N/A | H109: =IF(D109=0,0,IF(D109<F109,1,ROUND(D109/F109,1))) -> 0 | I109: =IF(D109=0,0,IF(D109<F109,1,ROUND(D109/F109,1))) -> 0 | J109: =COUNTIF('KHĐT'!$I$2:$I$534,C109) -> 0 | K109: =COUNTIF(TKB_HK2_Moi_Giang!G928:G986,C109) -> 0 | L109: =if(K109<=I109,"Ok","") -> Ok | M109: =G109*K109 -> #N/A
A110: 83 | D110: =SUMIFS('KHĐT'!$G:$G,'KHĐT'!$H:$H,B110) -> 0 | E110: 1 | F110: =ThamSo!$B$2 -> 38 | G110: =VLOOKUP(C110,'KHĐT'!$I$2:$K$534,3,0) -> #N/A | H110: =IF(D110=0,0,IF(D110<F110,1,ROUND(D110/F110,1))) -> 0 | I110: =IF(D110=0,0,IF(D110<F110,1,ROUND(D110/F110,1))) -> 0 | J110: =COUNTIF('KHĐT'!$I$2:$I$534,C110) -> 0 | K110: =COUNTIF(TKB_HK2_Moi_Giang!G928:G987,C110) -> 0 | L110: =if(K110<=I110,"Ok","") -> Ok | M110: =G110*K110 -> #N/A
A111: 85 | D111: =SUMIFS('KHĐT'!$G:$G,'KHĐT'!$H:$H,B111) -> 0 | E111: 1 | F111: =ThamSo!$B$2 -> 38 | G111: =VLOOKUP(C111,'KHĐT'!$I$2:$K$534,3,0) -> #N/A | H111: =IF(D111=0,0,IF(D111<F111,1,ROUND(D111/F111,1))) -> 0 | I111: =IF(D111=0,0,IF(D111<F111,1,ROUND(D111/F111,1))) -> 0 | J111: =COUNTIF('KHĐT'!$I$2:$I$534,C111) -> 0 | K111: =COUNTIF(TKB_HK2_Moi_Giang!G928:G988,C111) -> 0 | L111: =if(K111<=I111,"Ok","") -> Ok | M111: =G111*K111 -> #N/A
...

Sheet ThongKe_GV
E1: 2 | F1: 3 | G1: 4 | H1: 5 | I1: 6 | J1: 7 | K1: 2 | L1: 3 | M1: 4 | N1: 5 | O1: 6 | P1: 7 | Q1: 2 | R1: 3 | S1: 4 | T1: 5 | U1: 6 | V1: 7 | W1: 2 | X1: 3 | Y1: 4 | Z1: 5 | AA1: 6 | AB1: 7
A2: Khoa/ Ngành | B2: MA GV | C2: Họ và Tên | D2: Email | E2: 0.32291667 | F2: 0.32291667 | G2: 0.32291667 | H2: 0.32291667 | I2: 0.32291667 | J2: 0.32291667 | K2: 0.39583333 | L2: 0.39583333 | M2: 0.39583333 | N2: 0.39583333 | O2: 0.39583333 | P2: 0.39583333 | Q2: 0.54166667 | R2: 0.54166667 | S2: 0.54166667 | T2: 0.54166667 | U2: 0.54166667 | V2: 0.54166667 | W2: 0.64583333 | X2: 0.64583333 | Y2: 0.64583333 | Z2: 0.64583333 | AA2: 0.64583333 | AB2: 0.64583333
A3: =IF(MID(B3,4,1)="Q","Quản trị",IF(MID(B3,4,1)="T","Thiết kế",IF(MID(B3,4,1)="N","Ngoại ngữ",IF(MID(B3,4,1)="C","Công nghệ",IF(MID(B3,4,1)="Y","Y dược",IF(MID(B3,4,1)="V","Văn hóa","")))))) -> Quản trị | B3: TG-QT079 | C3: Nguyễn Minh Hiến | D3: hien.nguyen4@caodangvietmy.edu.vn | E3: =IF(COUNTIFS(TKB_HK2_Moi_Giang!$S:$S,ThongKe_GV!$C3,TKB_HK2_Moi_Giang!$K:$K,ThongKe_GV!E$1,TKB_HK2_Moi_Giang!$L:$L,ThongKe_GV!E$2)>0,"X","") | F3: =IF(COUNTIFS(TKB_HK2_Moi_Giang!$S:$S,ThongKe_GV!$C3,TKB_HK2_Moi_Giang!$K:$K,ThongKe_GV!F$1,TKB_HK2_Moi_Giang!$L:$L,ThongKe_GV!F$2)>0,"X","") -> X | G3: =IF(COUNTIFS(TKB_HK2_Moi_Giang!$S:$S,ThongKe_GV!$C3,TKB_HK2_Moi_Giang!$K:$K,ThongKe_GV!G$1,TKB_HK2_Moi_Giang!$L:$L,ThongKe_GV!G$2)>0,"X","") -> X | H3: =IF(COUNTIFS(TKB_HK2_Moi_Giang!$S:$S,ThongKe_GV!$C3,TKB_HK2_Moi_Giang!$K:$K,ThongKe_GV!H$1,TKB_HK2_Moi_Giang!$L:$L,ThongKe_GV!H$2)>0,"X","") -> X | I3: =IF(COUNTIFS(TKB_HK2_Moi_Giang!$S:$S,ThongKe_GV!$C3,TKB_HK2_Moi_Giang!$K:$K,ThongKe_GV!I$1,TKB_HK2_Moi_Giang!$L:$L,ThongKe_GV!I$2)>0,"X","") | J3: =IF(COUNTIFS(TKB_HK2_Moi_Giang!$S:$S,ThongKe_GV!$C3,TKB_HK2_Moi_Giang!$K:$K,ThongKe_GV!J$1,TKB_HK2_Moi_Giang!$L:$L,ThongKe_GV!J$2)>0,"X","") | K3: =IF(COUNTIFS(TKB_HK2_Moi_Giang!$S:$S,ThongKe_GV!$C3,TKB_HK2_Moi_Giang!$K:$K,ThongKe_GV!K$1,TKB_HK2_Moi_Giang!$L:$L,ThongKe_GV!K$2)>0,"X","") | L3: =IF(COUNTIFS(TKB_HK2_Moi_Giang!$S:$S,ThongKe_GV!$C3,TKB_HK2_Moi_Giang!$K:$K,ThongKe_GV!L$1,TKB_HK2_Moi_Giang!$L:$L,ThongKe_GV!L$2)>0,"X","") | ... AB3: =IF(COUNTIFS(TKB_HK2_Moi_Giang!$S:$S,ThongKe_GV!$C3,TKB_HK2_Moi_Giang!$K:$K,ThongKe_GV!AB$1,TKB_HK2_Moi_Giang!$L:$L,ThongKe_GV!AB$2)>0,"X","")
A4: =IF(MID(B4,4,1)="Q","Quản trị",IF(MID(B4,4,1)="T","Thiết kế",IF(MID(B4,4,1)="N","Ngoại ngữ",IF(MID(B4,4,1)="C","Công nghệ",IF(MID(B4,4,1)="Y","Y dược",IF(MID(B4,4,1)="V","Văn hóa","")))))) -> Công nghệ | B4: TG-CNTT12 | C4: Lữ Thị Cẩm Tú | D4: tu05dhth1@gmail.com | E4: =IF(COUNTIFS(TKB_HK2_Moi_Giang!$S:$S,ThongKe_GV!$C4,TKB_HK2_Moi_Giang!$K:$K,ThongKe_GV!E$1,TKB_HK2_Moi_Giang!$L:$L,ThongKe_GV!E$2)>0,"X","") | F4: =IF(COUNTIFS(TKB_HK2_Moi_Giang!$S:$S,ThongKe_GV!$C4,TKB_HK2_Moi_Giang!$K:$K,ThongKe_GV!F$1,TKB_HK2_Moi_Giang!$L:$L,ThongKe_GV!F$2)>0,"X","") | G4: =IF(COUNTIFS(TKB_HK2_Moi_Giang!$S:$S,ThongKe_GV!$C4,TKB_HK2_Moi_Giang!$K:$K,ThongKe_GV!G$1,TKB_HK2_Moi_Giang!$L:$L,ThongKe_GV!G$2)>0,"X","") | H4: =IF(COUNTIFS(TKB_HK2_Moi_Giang!$S:$S,ThongKe_GV!$C4,TKB_HK2_Moi_Giang!$K:$K,ThongKe_GV!H$1,TKB_HK2_Moi_Giang!$L:$L,ThongKe_GV!H$2)>0,"X","") | I4: =IF(COUNTIFS(TKB_HK2_Moi_Giang!$S:$S,ThongKe_GV!$C4,TKB_HK2_Moi_Giang!$K:$K,ThongKe_GV!I$1,TKB_HK2_Moi_Giang!$L:$L,ThongKe_GV!I$2)>0,"X","") | J4: =IF(COUNTIFS(TKB_HK2_Moi_Giang!$S:$S,ThongKe_GV!$C4,TKB_HK2_Moi_Giang!$K:$K,ThongKe_GV!J$1,TKB_HK2_Moi_Giang!$L:$L,ThongKe_GV!J$2)>0,"X","") | K4: =IF(COUNTIFS(TKB_HK2_Moi_Giang!$S:$S,ThongKe_GV!$C4,TKB_HK2_Moi_Giang!$K:$K,ThongKe_GV!K$1,TKB_HK2_Moi_Giang!$L:$L,ThongKe_GV!K$2)>0,"X","") | L4: =IF(COUNTIFS(TKB_HK2_Moi_Giang!$S:$S,ThongKe_GV!$C4,TKB_HK2_Moi_Giang!$K:$K,ThongKe_GV!L$1,TKB_HK2_Moi_Giang!$L:$L,ThongKe_GV!L$2)>0,"X","") | ... AB4: =IF(COUNTIFS(TKB_HK2_Moi_Giang!$S:$S,ThongKe_GV!$C4,TKB_HK2_Moi_Giang!$K:$K,ThongKe_GV!AB$1,TKB_HK2_Moi_Giang!$L:$L,ThongKe_GV!AB$2)>0,"X","")
A5: =IF(MID(B5,4,1)="Q","Quản trị",IF(MID(B5,4,1)="T","Thiết kế",IF(MID(B5,4,1)="N","Ngoại ngữ",IF(MID(B5,4,1)="C","Công nghệ",IF(MID(B5,4,1)="Y","Y dược",IF(MID(B5,4,1)="V","Văn hóa","")))))) -> Quản trị | B5: TG-QT099 | C5: Đào Út Quỳnh | D5: daoutquynh.brandstrategy@gmail.com | E5: =IF(COUNTIFS(TKB_HK2_Moi_Giang!$S:$S,ThongKe_GV!$C5,TKB_HK2_Moi_Giang!$K:$K,ThongKe_GV!E$1,TKB_HK2_Moi_Giang!$L:$L,ThongKe_GV!E$2)>0,"X","") | F5: =IF(COUNTIFS(TKB_HK2_Moi_Giang!$S:$S,ThongKe_GV!$C5,TKB_HK2_Moi_Giang!$K:$K,ThongKe_GV!F$1,TKB_HK2_Moi_Giang!$L:$L,ThongKe_GV!F$2)>0,"X","") | G5: =IF(COUNTIFS(TKB_HK2_Moi_Giang!$S:$S,ThongKe_GV!$C5,TKB_HK2_Moi_Giang!$K:$K,ThongKe_GV!G$1,TKB_HK2_Moi_Giang!$L:$L,ThongKe_GV!G$2)>0,"X","") | H5: =IF(COUNTIFS(TKB_HK2_Moi_Giang!$S:$S,ThongKe_GV!$C5,TKB_HK2_Moi_Giang!$K:$K,ThongKe_GV!H$1,TKB_HK2_Moi_Giang!$L:$L,ThongKe_GV!H$2)>0,"X","") | I5: =IF(COUNTIFS(TKB_HK2_Moi_Giang!$S:$S,ThongKe_GV!$C5,TKB_HK2_Moi_Giang!$K:$K,ThongKe_GV!I$1,TKB_HK2_Moi_Giang!$L:$L,ThongKe_GV!I$2)>0,"X","") | J5: =IF(COUNTIFS(TKB_HK2_Moi_Giang!$S:$S,ThongKe_GV!$C5,TKB_HK2_Moi_Giang!$K:$K,ThongKe_GV!J$1,TKB_HK2_Moi_Giang!$L:$L,ThongKe_GV!J$2)>0,"X","") | K5: =IF(COUNTIFS(TKB_HK2_Moi_Giang!$S:$S,ThongKe_GV!$C5,TKB_HK2_Moi_Giang!$K:$K,ThongKe_GV!K$1,TKB_HK2_Moi_Giang!$L:$L,ThongKe_GV!K$2)>0,"X","") | L5: =IF(COUNTIFS(TKB_HK2_Moi_Giang!$S:$S,ThongKe_GV!$C5,TKB_HK2_Moi_Giang!$K:$K,ThongKe_GV!L$1,TKB_HK2_Moi_Giang!$L:$L,ThongKe_GV!L$2)>0,"X","") | ... AB5: =IF(COUNTIFS(TKB_HK2_Moi_Giang!$S:$S,ThongKe_GV!$C5,TKB_HK2_Moi_Giang!$K:$K,ThongKe_GV!AB$1,TKB_HK2_Moi_Giang!$L:$L,ThongKe_GV!AB$2)>0,"X","")
A6: =IF(MID(B6,4,1)="Q","Quản trị",IF(MID(B6,4,1)="T","Thiết kế",IF(MID(B6,4,1)="N","Ngoại ngữ",IF(MID(B6,4,1)="C","Công nghệ",IF(MID(B6,4,1)="Y","Y dược",IF(MID(B6,4,1)="V","Văn hóa","")))))) -> Ngoại ngữ | B6: TG-NN011 | C6: Trần Thị Thanh Hằng | D6: thanhhang161298@gmail.com | F6: =IF(COUNTIFS(TKB_HK2_Moi_Giang!$S:$S,ThongKe_GV!$C6,TKB_HK2_Moi_Giang!$K:$K,ThongKe_GV!F$1,TKB_HK2_Moi_Giang!$L:$L,ThongKe_GV!F$2)>0,"X","") | G6: =IF(COUNTIFS(TKB_HK2_Moi_Giang!$S:$S,ThongKe_GV!$C6,TKB_HK2_Moi_Giang!$K:$K,ThongKe_GV!G$1,TKB_HK2_Moi_Giang!$L:$L,ThongKe_GV!G$2)>0,"X","") | H6: =IF(COUNTIFS(TKB_HK2_Moi_Giang!$S:$S,ThongKe_GV!$C6,TKB_HK2_Moi_Giang!$K:$K,ThongKe_GV!H$1,TKB_HK2_Moi_Giang!$L:$L,ThongKe_GV!H$2)>0,"X","") | I6: =IF(COUNTIFS(TKB_HK2_Moi_Giang!$S:$S,ThongKe_GV!$C6,TKB_HK2_Moi_Giang!$K:$K,ThongKe_GV!I$1,TKB_HK2_Moi_Giang!$L:$L,ThongKe_GV!I$2)>0,"X","") | J6: =IF(COUNTIFS(TKB_HK2_Moi_Giang!$S:$S,ThongKe_GV!$C6,TKB_HK2_Moi_Giang!$K:$K,ThongKe_GV!J$1,TKB_HK2_Moi_Giang!$L:$L,ThongKe_GV!J$2)>0,"X","") | K6: =IF(COUNTIFS(TKB_HK2_Moi_Giang!$S:$S,ThongKe_GV!$C6,TKB_HK2_Moi_Giang!$K:$K,ThongKe_GV!K$1,TKB_HK2_Moi_Giang!$L:$L,ThongKe_GV!K$2)>0,"X","") | L6: =IF(COUNTIFS(TKB_HK2_Moi_Giang!$S:$S,ThongKe_GV!$C6,TKB_HK2_Moi_Giang!$K:$K,ThongKe_GV!L$1,TKB_HK2_Moi_Giang!$L:$L,ThongKe_GV!L$2)>0,"X","") | M6: =IF(COUNTIFS(TKB_HK2_Moi_Giang!$S:$S,ThongKe_GV!$C6,TKB_HK2_Moi_Giang!$K:$K,ThongKe_GV!M$1,TKB_HK2_Moi_Giang!$L:$L,ThongKe_GV!M$2)>0,"X","") | ... AB6: =IF(COUNTIFS(TKB_HK2_Moi_Giang!$S:$S,ThongKe_GV!$C6,TKB_HK2_Moi_Giang!$K:$K,ThongKe_GV!AB$1,TKB_HK2_Moi_Giang!$L:$L,ThongKe_GV!AB$2)>0,"X","")
A7: =IF(MID(B7,4,1)="Q","Quản trị",IF(MID(B7,4,1)="T","Thiết kế",IF(MID(B7,4,1)="N","Ngoại ngữ",IF(MID(B7,4,1)="C","Công nghệ",IF(MID(B7,4,1)="Y","Y dược",IF(MID(B7,4,1)="V","Văn hóa","")))))) -> Thiết kế | B7: TG-TK029 | C7: Phan Thành Sơn | D7: son.phan@caodangvietmy.edu.vn | E7: =IF(COUNTIFS(TKB_HK2_Moi_Giang!$S:$S,ThongKe_GV!$C7,TKB_HK2_Moi_Giang!$K:$K,ThongKe_GV!E$1,TKB_HK2_Moi_Giang!$L:$L,ThongKe_GV!E$2)>0,"X","") | F7: =IF(COUNTIFS(TKB_HK2_Moi_Giang!$S:$S,ThongKe_GV!$C7,TKB_HK2_Moi_Giang!$K:$K,ThongKe_GV!F$1,TKB_HK2_Moi_Giang!$L:$L,ThongKe_GV!F$2)>0,"X","") | G7: =IF(COUNTIFS(TKB_HK2_Moi_Giang!$S:$S,ThongKe_GV!$C7,TKB_HK2_Moi_Giang!$K:$K,ThongKe_GV!G$1,TKB_HK2_Moi_Giang!$L:$L,ThongKe_GV!G$2)>0,"X","") | H7: =IF(COUNTIFS(TKB_HK2_Moi_Giang!$S:$S,ThongKe_GV!$C7,TKB_HK2_Moi_Giang!$K:$K,ThongKe_GV!H$1,TKB_HK2_Moi_Giang!$L:$L,ThongKe_GV!H$2)>0,"X","") | I7: =IF(COUNTIFS(TKB_HK2_Moi_Giang!$S:$S,ThongKe_GV!$C7,TKB_HK2_Moi_Giang!$K:$K,ThongKe_GV!I$1,TKB_HK2_Moi_Giang!$L:$L,ThongKe_GV!I$2)>0,"X","") | J7: =IF(COUNTIFS(TKB_HK2_Moi_Giang!$S:$S,ThongKe_GV!$C7,TKB_HK2_Moi_Giang!$K:$K,ThongKe_GV!J$1,TKB_HK2_Moi_Giang!$L:$L,ThongKe_GV!J$2)>0,"X","") | K7: =IF(COUNTIFS(TKB_HK2_Moi_Giang!$S:$S,ThongKe_GV!$C7,TKB_HK2_Moi_Giang!$K:$K,ThongKe_GV!K$1,TKB_HK2_Moi_Giang!$L:$L,ThongKe_GV!K$2)>0,"X","") | L7: =IF(COUNTIFS(TKB_HK2_Moi_Giang!$S:$S,ThongKe_GV!$C7,TKB_HK2_Moi_Giang!$K:$K,ThongKe_GV!L$1,TKB_HK2_Moi_Giang!$L:$L,ThongKe_GV!L$2)>0,"X","") | ... AB7: =IF(COUNTIFS(TKB_HK2_Moi_Giang!$S:$S,ThongKe_GV!$C7,TKB_HK2_Moi_Giang!$K:$K,ThongKe_GV!AB$1,TKB_HK2_Moi_Giang!$L:$L,ThongKe_GV!AB$2)>0,"X","")
B8: TG-TN016 | C8: Nguyễn Thị Hoa | D8: nguyenhoa.253024@gmail.com | E8: =IF(COUNTIFS(TKB_HK2_Moi_Giang!$S:$S,ThongKe_GV!$C8,TKB_HK2_Moi_Giang!$K:$K,ThongKe_GV!E$1,TKB_HK2_Moi_Giang!$L:$L,ThongKe_GV!E$2)>0,"X","") | F8: =IF(COUNTIFS(TKB_HK2_Moi_Giang!$S:$S,ThongKe_GV!$C8,TKB_HK2_Moi_Giang!$K:$K,ThongKe_GV!F$1,TKB_HK2_Moi_Giang!$L:$L,ThongKe_GV!F$2)>0,"X","") | G8: =IF(COUNTIFS(TKB_HK2_Moi_Giang!$S:$S,ThongKe_GV!$C8,TKB_HK2_Moi_Giang!$K:$K,ThongKe_GV!G$1,TKB_HK2_Moi_Giang!$L:$L,ThongKe_GV!G$2)>0,"X","") | H8: =IF(COUNTIFS(TKB_HK2_Moi_Giang!$S:$S,ThongKe_GV!$C8,TKB_HK2_Moi_Giang!$K:$K,ThongKe_GV!H$1,TKB_HK2_Moi_Giang!$L:$L,ThongKe_GV!H$2)>0,"X","") | I8: =IF(COUNTIFS(TKB_HK2_Moi_Giang!$S:$S,ThongKe_GV!$C8,TKB_HK2_Moi_Giang!$K:$K,ThongKe_GV!I$1,TKB_HK2_Moi_Giang!$L:$L,ThongKe_GV!I$2)>0,"X","") | J8: =IF(COUNTIFS(TKB_HK2_Moi_Giang!$S:$S,ThongKe_GV!$C8,TKB_HK2_Moi_Giang!$K:$K,ThongKe_GV!J$1,TKB_HK2_Moi_Giang!$L:$L,ThongKe_GV!J$2)>0,"X","") | K8: =IF(COUNTIFS(TKB_HK2_Moi_Giang!$S:$S,ThongKe_GV!$C8,TKB_HK2_Moi_Giang!$K:$K,ThongKe_GV!K$1,TKB_HK2_Moi_Giang!$L:$L,ThongKe_GV!K$2)>0,"X","") | L8: =IF(COUNTIFS(TKB_HK2_Moi_Giang!$S:$S,ThongKe_GV!$C8,TKB_HK2_Moi_Giang!$K:$K,ThongKe_GV!L$1,TKB_HK2_Moi_Giang!$L:$L,ThongKe_GV!L$2)>0,"X","") | ... AB8: =IF(COUNTIFS(TKB_HK2_Moi_Giang!$S:$S,ThongKe_GV!$C8,TKB_HK2_Moi_Giang!$K:$K,ThongKe_GV!AB$1,TKB_HK2_Moi_Giang!$L:$L,ThongKe_GV!AB$2)>0,"X","")
A9: =IF(MID(B9,4,1)="Q","Quản trị",IF(MID(B9,4,1)="T","Thiết kế",IF(MID(B9,4,1)="N","Ngoại ngữ",IF(MID(B9,4,1)="C","Công nghệ",IF(MID(B9,4,1)="Y","Y dược",IF(MID(B9,4,1)="V","Văn hóa","")))))) -> Quản trị | B9: TG-QT101 | C9: Tô Thị Phương Thúy | D9: thuy.to@caodangvietmy.edu.vn | E9: =IF(COUNTIFS(TKB_HK2_Moi_Giang!$S:$S,ThongKe_GV!$C9,TKB_HK2_Moi_Giang!$K:$K,ThongKe_GV!E$1,TKB_HK2_Moi_Giang!$L:$L,ThongKe_GV!E$2)>0,"X","") | F9: =IF(COUNTIFS(TKB_HK2_Moi_Giang!$S:$S,ThongKe_GV!$C9,TKB_HK2_Moi_Giang!$K:$K,ThongKe_GV!F$1,TKB_HK2_Moi_Giang!$L:$L,ThongKe_GV!F$2)>0,"X","") | G9: =IF(COUNTIFS(TKB_HK2_Moi_Giang!$S:$S,ThongKe_GV!$C9,TKB_HK2_Moi_Giang!$K:$K,ThongKe_GV!G$1,TKB_HK2_Moi_Giang!$L:$L,ThongKe_GV!G$2)>0,"X","") | H9: =IF(COUNTIFS(TKB_HK2_Moi_Giang!$S:$S,ThongKe_GV!$C9,TKB_HK2_Moi_Giang!$K:$K,ThongKe_GV!H$1,TKB_HK2_Moi_Giang!$L:$L,ThongKe_GV!H$2)>0,"X","") | I9: =IF(COUNTIFS(TKB_HK2_Moi_Giang!$S:$S,ThongKe_GV!$C9,TKB_HK2_Moi_Giang!$K:$K,ThongKe_GV!I$1,TKB_HK2_Moi_Giang!$L:$L,ThongKe_GV!I$2)>0,"X","") | J9: =IF(COUNTIFS(TKB_HK2_Moi_Giang!$S:$S,ThongKe_GV!$C9,TKB_HK2_Moi_Giang!$K:$K,ThongKe_GV!J$1,TKB_HK2_Moi_Giang!$L:$L,ThongKe_GV!J$2)>0,"X","") | K9: =IF(COUNTIFS(TKB_HK2_Moi_Giang!$S:$S,ThongKe_GV!$C9,TKB_HK2_Moi_Giang!$K:$K,ThongKe_GV!K$1,TKB_HK2_Moi_Giang!$L:$L,ThongKe_GV!K$2)>0,"X","") | L9: =IF(COUNTIFS(TKB_HK2_Moi_Giang!$S:$S,ThongKe_GV!$C9,TKB_HK2_Moi_Giang!$K:$K,ThongKe_GV!L$1,TKB_HK2_Moi_Giang!$L:$L,ThongKe_GV!L$2)>0,"X","") | ... AB9: =IF(COUNTIFS(TKB_HK2_Moi_Giang!$S:$S,ThongKe_GV!$C9,TKB_HK2_Moi_Giang!$K:$K,ThongKe_GV!AB$1,TKB_HK2_Moi_Giang!$L:$L,ThongKe_GV!AB$2)>0,"X","")
A10: =IF(MID(B10,4,1)="Q","Quản trị",IF(MID(B10,4,1)="T","Thiết kế",IF(MID(B10,4,1)="N","Ngoại ngữ",IF(MID(B10,4,1)="C","Công nghệ",IF(MID(B10,4,1)="Y","Y dược",IF(MID(B10,4,1)="V","Văn hóa","")))))) -> Thiết kế | B10: TG-TK044 | C10: Lê Hoàng Nhật Minh | D10: ktk.dohoa16.hcm@caodangvietmy.edu.vn | E10: =IF(COUNTIFS(TKB_HK2_Moi_Giang!$S:$S,ThongKe_GV!$C10,TKB_HK2_Moi_Giang!$K:$K,ThongKe_GV!E$1,TKB_HK2_Moi_Giang!$L:$L,ThongKe_GV!E$2)>0,"X","") | F10: =IF(COUNTIFS(TKB_HK2_Moi_Giang!$S:$S,ThongKe_GV!$C10,TKB_HK2_Moi_Giang!$K:$K,ThongKe_GV!F$1,TKB_HK2_Moi_Giang!$L:$L,ThongKe_GV!F$2)>0,"X","") | G10: =IF(COUNTIFS(TKB_HK2_Moi_Giang!$S:$S,ThongKe_GV!$C10,TKB_HK2_Moi_Giang!$K:$K,ThongKe_GV!G$1,TKB_HK2_Moi_Giang!$L:$L,ThongKe_GV!G$2)>0,"X","") | H10: =IF(COUNTIFS(TKB_HK2_Moi_Giang!$S:$S,ThongKe_GV!$C10,TKB_HK2_Moi_Giang!$K:$K,ThongKe_GV!H$1,TKB_HK2_Moi_Giang!$L:$L,ThongKe_GV!H$2)>0,"X","") | I10: =IF(COUNTIFS(TKB_HK2_Moi_Giang!$S:$S,ThongKe_GV!$C10,TKB_HK2_Moi_Giang!$K:$K,ThongKe_GV!I$1,TKB_HK2_Moi_Giang!$L:$L,ThongKe_GV!I$2)>0,"X","") | J10: =IF(COUNTIFS(TKB_HK2_Moi_Giang!$S:$S,ThongKe_GV!$C10,TKB_HK2_Moi_Giang!$K:$K,ThongKe_GV!J$1,TKB_HK2_Moi_Giang!$L:$L,ThongKe_GV!J$2)>0,"X","") | K10: =IF(COUNTIFS(TKB_HK2_Moi_Giang!$S:$S,ThongKe_GV!$C10,TKB_HK2_Moi_Giang!$K:$K,ThongKe_GV!K$1,TKB_HK2_Moi_Giang!$L:$L,ThongKe_GV!K$2)>0,"X","") | L10: =IF(COUNTIFS(TKB_HK2_Moi_Giang!$S:$S,ThongKe_GV!$C10,TKB_HK2_Moi_Giang!$K:$K,ThongKe_GV!L$1,TKB_HK2_Moi_Giang!$L:$L,ThongKe_GV!L$2)>0,"X","") | ... AB10: =IF(COUNTIFS(TKB_HK2_Moi_Giang!$S:$S,ThongKe_GV!$C10,TKB_HK2_Moi_Giang!$K:$K,ThongKe_GV!AB$1,TKB_HK2_Moi_Giang!$L:$L,ThongKe_GV!AB$2)>0,"X","")
A11: =IF(MID(B11,4,1)="Q","Quản trị",IF(MID(B11,4,1)="T","Thiết kế",IF(MID(B11,4,1)="N","Ngoại ngữ",IF(MID(B11,4,1)="C","Công nghệ",IF(MID(B11,4,1)="Y","Y dược",IF(MID(B11,4,1)="V","Văn hóa","")))))) -> Ngoại ngữ | B11: CH-NN006 | C11: Quàng Thị Bảo Vy | D11: vy.quang@caodangvietmy.edu.vn | E11: =IF(COUNTIFS(TKB_HK2_Moi_Giang!$S:$S,ThongKe_GV!$C11,TKB_HK2_Moi_Giang!$K:$K,ThongKe_GV!E$1,TKB_HK2_Moi_Giang!$L:$L,ThongKe_GV!E$2)>0,"X","") | F11: =IF(COUNTIFS(TKB_HK2_Moi_Giang!$S:$S,ThongKe_GV!$C11,TKB_HK2_Moi_Giang!$K:$K,ThongKe_GV!F$1,TKB_HK2_Moi_Giang!$L:$L,ThongKe_GV!F$2)>0,"X","") -> X | G11: =IF(COUNTIFS(TKB_HK2_Moi_Giang!$S:$S,ThongKe_GV!$C11,TKB_HK2_Moi_Giang!$K:$K,ThongKe_GV!G$1,TKB_HK2_Moi_Giang!$L:$L,ThongKe_GV!G$2)>0,"X","") | H11: =IF(COUNTIFS(TKB_HK2_Moi_Giang!$S:$S,ThongKe_GV!$C11,TKB_HK2_Moi_Giang!$K:$K,ThongKe_GV!H$1,TKB_HK2_Moi_Giang!$L:$L,ThongKe_GV!H$2)>0,"X","") | I11: =IF(COUNTIFS(TKB_HK2_Moi_Giang!$S:$S,ThongKe_GV!$C11,TKB_HK2_Moi_Giang!$K:$K,ThongKe_GV!I$1,TKB_HK2_Moi_Giang!$L:$L,ThongKe_GV!I$2)>0,"X","") | J11: =IF(COUNTIFS(TKB_HK2_Moi_Giang!$S:$S,ThongKe_GV!$C11,TKB_HK2_Moi_Giang!$K:$K,ThongKe_GV!J$1,TKB_HK2_Moi_Giang!$L:$L,ThongKe_GV!J$2)>0,"X","") | K11: =IF(COUNTIFS(TKB_HK2_Moi_Giang!$S:$S,ThongKe_GV!$C11,TKB_HK2_Moi_Giang!$K:$K,ThongKe_GV!K$1,TKB_HK2_Moi_Giang!$L:$L,ThongKe_GV!K$2)>0,"X","") | L11: =IF(COUNTIFS(TKB_HK2_Moi_Giang!$S:$S,ThongKe_GV!$C11,TKB_HK2_Moi_Giang!$K:$K,ThongKe_GV!L$1,TKB_HK2_Moi_Giang!$L:$L,ThongKe_GV!L$2)>0,"X","") | ... AB11: =IF(COUNTIFS(TKB_HK2_Moi_Giang!$S:$S,ThongKe_GV!$C11,TKB_HK2_Moi_Giang!$K:$K,ThongKe_GV!AB$1,TKB_HK2_Moi_Giang!$L:$L,ThongKe_GV!AB$2)>0,"X","")
A12: =IF(MID(B12,4,1)="Q","Quản trị",IF(MID(B12,4,1)="T","Thiết kế",IF(MID(B12,4,1)="N","Ngoại ngữ",IF(MID(B12,4,1)="C","Công nghệ",IF(MID(B12,4,1)="Y","Y dược",IF(MID(B12,4,1)="V","Văn hóa","")))))) -> Ngoại ngữ | B12: TG-NN081 | C12: Lê Thị Ngọc Ánh | D12: anhxuan10d1@gmail.com | E12: =IF(COUNTIFS(TKB_HK2_Moi_Giang!$S:$S,ThongKe_GV!$C12,TKB_HK2_Moi_Giang!$K:$K,ThongKe_GV!E$1,TKB_HK2_Moi_Giang!$L:$L,ThongKe_GV!E$2)>0,"X","") | F12: =IF(COUNTIFS(TKB_HK2_Moi_Giang!$S:$S,ThongKe_GV!$C12,TKB_HK2_Moi_Giang!$K:$K,ThongKe_GV!F$1,TKB_HK2_Moi_Giang!$L:$L,ThongKe_GV!F$2)>0,"X","") | G12: =IF(COUNTIFS(TKB_HK2_Moi_Giang!$S:$S,ThongKe_GV!$C12,TKB_HK2_Moi_Giang!$K:$K,ThongKe_GV!G$1,TKB_HK2_Moi_Giang!$L:$L,ThongKe_GV!G$2)>0,"X","") | H12: =IF(COUNTIFS(TKB_HK2_Moi_Giang!$S:$S,ThongKe_GV!$C12,TKB_HK2_Moi_Giang!$K:$K,ThongKe_GV!H$1,TKB_HK2_Moi_Giang!$L:$L,ThongKe_GV!H$2)>0,"X","") | I12: =IF(COUNTIFS(TKB_HK2_Moi_Giang!$S:$S,ThongKe_GV!$C12,TKB_HK2_Moi_Giang!$K:$K,ThongKe_GV!I$1,TKB_HK2_Moi_Giang!$L:$L,ThongKe_GV!I$2)>0,"X","") | J12: =IF(COUNTIFS(TKB_HK2_Moi_Giang!$S:$S,ThongKe_GV!$C12,TKB_HK2_Moi_Giang!$K:$K,ThongKe_GV!J$1,TKB_HK2_Moi_Giang!$L:$L,ThongKe_GV!J$2)>0,"X","") | K12: =IF(COUNTIFS(TKB_HK2_Moi_Giang!$S:$S,ThongKe_GV!$C12,TKB_HK2_Moi_Giang!$K:$K,ThongKe_GV!K$1,TKB_HK2_Moi_Giang!$L:$L,ThongKe_GV!K$2)>0,"X","") | L12: =IF(COUNTIFS(TKB_HK2_Moi_Giang!$S:$S,ThongKe_GV!$C12,TKB_HK2_Moi_Giang!$K:$K,ThongKe_GV!L$1,TKB_HK2_Moi_Giang!$L:$L,ThongKe_GV!L$2)>0,"X","") | ... AB12: =IF(COUNTIFS(TKB_HK2_Moi_Giang!$S:$S,ThongKe_GV!$C12,TKB_HK2_Moi_Giang!$K:$K,ThongKe_GV!AB$1,TKB_HK2_Moi_Giang!$L:$L,ThongKe_GV!AB$2)>0,"X","")
A13: =IF(MID(B13,4,1)="Q","Quản trị",IF(MID(B13,4,1)="T","Thiết kế",IF(MID(B13,4,1)="N","Ngoại ngữ",IF(MID(B13,4,1)="C","Công nghệ",IF(MID(B13,4,1)="Y","Y dược",IF(MID(B13,4,1)="V","Văn hóa","")))))) -> Quản trị | B13: TG-QT104 | C13: Vũ Nhật Tân | D13: vn.tan@hutech.edu.vn | E13: =IF(COUNTIFS(TKB_HK2_Moi_Giang!$S:$S,ThongKe_GV!$C13,TKB_HK2_Moi_Giang!$K:$K,ThongKe_GV!E$1,TKB_HK2_Moi_Giang!$L:$L,ThongKe_GV!E$2)>0,"X","") | F13: =IF(COUNTIFS(TKB_HK2_Moi_Giang!$S:$S,ThongKe_GV!$C13,TKB_HK2_Moi_Giang!$K:$K,ThongKe_GV!F$1,TKB_HK2_Moi_Giang!$L:$L,ThongKe_GV!F$2)>0,"X","") | G13: =IF(COUNTIFS(TKB_HK2_Moi_Giang!$S:$S,ThongKe_GV!$C13,TKB_HK2_Moi_Giang!$K:$K,ThongKe_GV!G$1,TKB_HK2_Moi_Giang!$L:$L,ThongKe_GV!G$2)>0,"X","") | H13: =IF(COUNTIFS(TKB_HK2_Moi_Giang!$S:$S,ThongKe_GV!$C13,TKB_HK2_Moi_Giang!$K:$K,ThongKe_GV!H$1,TKB_HK2_Moi_Giang!$L:$L,ThongKe_GV!H$2)>0,"X","") | I13: =IF(COUNTIFS(TKB_HK2_Moi_Giang!$S:$S,ThongKe_GV!$C13,TKB_HK2_Moi_Giang!$K:$K,ThongKe_GV!I$1,TKB_HK2_Moi_Giang!$L:$L,ThongKe_GV!I$2)>0,"X","") | J13: =IF(COUNTIFS(TKB_HK2_Moi_Giang!$S:$S,ThongKe_GV!$C13,TKB_HK2_Moi_Giang!$K:$K,ThongKe_GV!J$1,TKB_HK2_Moi_Giang!$L:$L,ThongKe_GV!J$2)>0,"X","") | K13: =IF(COUNTIFS(TKB_HK2_Moi_Giang!$S:$S,ThongKe_GV!$C13,TKB_HK2_Moi_Giang!$K:$K,ThongKe_GV!K$1,TKB_HK2_Moi_Giang!$L:$L,ThongKe_GV!K$2)>0,"X","") | L13: =IF(COUNTIFS(TKB_HK2_Moi_Giang!$S:$S,ThongKe_GV!$C13,TKB_HK2_Moi_Giang!$K:$K,ThongKe_GV!L$1,TKB_HK2_Moi_Giang!$L:$L,ThongKe_GV!L$2)>0,"X","") | ... AB13: =IF(COUNTIFS(TKB_HK2_Moi_Giang!$S:$S,ThongKe_GV!$C13,TKB_HK2_Moi_Giang!$K:$K,ThongKe_GV!AB$1,TKB_HK2_Moi_Giang!$L:$L,ThongKe_GV!AB$2)>0,"X","")
B14: TG-TA002 | C14: Nguyễn Tuấn Anh | D14: nguyentuananh03081986@gmail.com | E14: =IF(COUNTIFS(TKB_HK2_Moi_Giang!$S:$S,ThongKe_GV!$C14,TKB_HK2_Moi_Giang!$K:$K,ThongKe_GV!E$1,TKB_HK2_Moi_Giang!$L:$L,ThongKe_GV!E$2)>0,"X","") | F14: =IF(COUNTIFS(TKB_HK2_Moi_Giang!$S:$S,ThongKe_GV!$C14,TKB_HK2_Moi_Giang!$K:$K,ThongKe_GV!F$1,TKB_HK2_Moi_Giang!$L:$L,ThongKe_GV!F$2)>0,"X","") | G14: =IF(COUNTIFS(TKB_HK2_Moi_Giang!$S:$S,ThongKe_GV!$C14,TKB_HK2_Moi_Giang!$K:$K,ThongKe_GV!G$1,TKB_HK2_Moi_Giang!$L:$L,ThongKe_GV!G$2)>0,"X","") | H14: =IF(COUNTIFS(TKB_HK2_Moi_Giang!$S:$S,ThongKe_GV!$C14,TKB_HK2_Moi_Giang!$K:$K,ThongKe_GV!H$1,TKB_HK2_Moi_Giang!$L:$L,ThongKe_GV!H$2)>0,"X","") | I14: =IF(COUNTIFS(TKB_HK2_Moi_Giang!$S:$S,ThongKe_GV!$C14,TKB_HK2_Moi_Giang!$K:$K,ThongKe_GV!I$1,TKB_HK2_Moi_Giang!$L:$L,ThongKe_GV!I$2)>0,"X","") | J14: =IF(COUNTIFS(TKB_HK2_Moi_Giang!$S:$S,ThongKe_GV!$C14,TKB_HK2_Moi_Giang!$K:$K,ThongKe_GV!J$1,TKB_HK2_Moi_Giang!$L:$L,ThongKe_GV!J$2)>0,"X","") | K14: =IF(COUNTIFS(TKB_HK2_Moi_Giang!$S:$S,ThongKe_GV!$C14,TKB_HK2_Moi_Giang!$K:$K,ThongKe_GV!K$1,TKB_HK2_Moi_Giang!$L:$L,ThongKe_GV!K$2)>0,"X","") | L14: =IF(COUNTIFS(TKB_HK2_Moi_Giang!$S:$S,ThongKe_GV!$C14,TKB_HK2_Moi_Giang!$K:$K,ThongKe_GV!L$1,TKB_HK2_Moi_Giang!$L:$L,ThongKe_GV!L$2)>0,"X","") | ... AB14: =IF(COUNTIFS(TKB_HK2_Moi_Giang!$S:$S,ThongKe_GV!$C14,TKB_HK2_Moi_Giang!$K:$K,ThongKe_GV!AB$1,TKB_HK2_Moi_Giang!$L:$L,ThongKe_GV!AB$2)>0,"X","")
A15: =IF(MID(B15,4,1)="Q","Quản trị",IF(MID(B15,4,1)="T","Thiết kế",IF(MID(B15,4,1)="N","Ngoại ngữ",IF(MID(B15,4,1)="C","Công nghệ",IF(MID(B15,4,1)="Y","Y dược",IF(MID(B15,4,1)="V","Văn hóa","")))))) -> Thiết kế | B15: TG-TK39 | C15: Nguyễn Huỳnh | D15: ng.huynh95@gmail.com | E15: =IF(COUNTIFS(TKB_HK2_Moi_Giang!$S:$S,ThongKe_GV!$C15,TKB_HK2_Moi_Giang!$K:$K,ThongKe_GV!E$1,TKB_HK2_Moi_Giang!$L:$L,ThongKe_GV!E$2)>0,"X","") | F15: =IF(COUNTIFS(TKB_HK2_Moi_Giang!$S:$S,ThongKe_GV!$C15,TKB_HK2_Moi_Giang!$K:$K,ThongKe_GV!F$1,TKB_HK2_Moi_Giang!$L:$L,ThongKe_GV!F$2)>0,"X","") | G15: =IF(COUNTIFS(TKB_HK2_Moi_Giang!$S:$S,ThongKe_GV!$C15,TKB_HK2_Moi_Giang!$K:$K,ThongKe_GV!G$1,TKB_HK2_Moi_Giang!$L:$L,ThongKe_GV!G$2)>0,"X","") | H15: =IF(COUNTIFS(TKB_HK2_Moi_Giang!$S:$S,ThongKe_GV!$C15,TKB_HK2_Moi_Giang!$K:$K,ThongKe_GV!H$1,TKB_HK2_Moi_Giang!$L:$L,ThongKe_GV!H$2)>0,"X","") | I15: =IF(COUNTIFS(TKB_HK2_Moi_Giang!$S:$S,ThongKe_GV!$C15,TKB_HK2_Moi_Giang!$K:$K,ThongKe_GV!I$1,TKB_HK2_Moi_Giang!$L:$L,ThongKe_GV!I$2)>0,"X","") | J15: =IF(COUNTIFS(TKB_HK2_Moi_Giang!$S:$S,ThongKe_GV!$C15,TKB_HK2_Moi_Giang!$K:$K,ThongKe_GV!J$1,TKB_HK2_Moi_Giang!$L:$L,ThongKe_GV!J$2)>0,"X","") | K15: =IF(COUNTIFS(TKB_HK2_Moi_Giang!$S:$S,ThongKe_GV!$C15,TKB_HK2_Moi_Giang!$K:$K,ThongKe_GV!K$1,TKB_HK2_Moi_Giang!$L:$L,ThongKe_GV!K$2)>0,"X","") | L15: =IF(COUNTIFS(TKB_HK2_Moi_Giang!$S:$S,ThongKe_GV!$C15,TKB_HK2_Moi_Giang!$K:$K,ThongKe_GV!L$1,TKB_HK2_Moi_Giang!$L:$L,ThongKe_GV!L$2)>0,"X","") | ... AB15: =IF(COUNTIFS(TKB_HK2_Moi_Giang!$S:$S,ThongKe_GV!$C15,TKB_HK2_Moi_Giang!$K:$K,ThongKe_GV!AB$1,TKB_HK2_Moi_Giang!$L:$L,ThongKe_GV!AB$2)>0,"X","")
A16: =IF(MID(B16,4,1)="Q","Quản trị",IF(MID(B16,4,1)="T","Thiết kế",IF(MID(B16,4,1)="N","Ngoại ngữ",IF(MID(B16,4,1)="C","Công nghệ",IF(MID(B16,4,1)="Y","Y dược",IF(MID(B16,4,1)="V","Văn hóa","")))))) -> Quản trị | B16: TG-QT098 | C16: Nguyễn Ngọc Sĩ Đan | D16: dan.nguyenngocsi@stu.edu.vn | E16: =IF(COUNTIFS(TKB_HK2_Moi_Giang!$S:$S,ThongKe_GV!$C16,TKB_HK2_Moi_Giang!$K:$K,ThongKe_GV!E$1,TKB_HK2_Moi_Giang!$L:$L,ThongKe_GV!E$2)>0,"X","") | F16: =IF(COUNTIFS(TKB_HK2_Moi_Giang!$S:$S,ThongKe_GV!$C16,TKB_HK2_Moi_Giang!$K:$K,ThongKe_GV!F$1,TKB_HK2_Moi_Giang!$L:$L,ThongKe_GV!F$2)>0,"X","") | G16: =IF(COUNTIFS(TKB_HK2_Moi_Giang!$S:$S,ThongKe_GV!$C16,TKB_HK2_Moi_Giang!$K:$K,ThongKe_GV!G$1,TKB_HK2_Moi_Giang!$L:$L,ThongKe_GV!G$2)>0,"X","") | H16: =IF(COUNTIFS(TKB_HK2_Moi_Giang!$S:$S,ThongKe_GV!$C16,TKB_HK2_Moi_Giang!$K:$K,ThongKe_GV!H$1,TKB_HK2_Moi_Giang!$L:$L,ThongKe_GV!H$2)>0,"X","") | I16: =IF(COUNTIFS(TKB_HK2_Moi_Giang!$S:$S,ThongKe_GV!$C16,TKB_HK2_Moi_Giang!$K:$K,ThongKe_GV!I$1,TKB_HK2_Moi_Giang!$L:$L,ThongKe_GV!I$2)>0,"X","") | J16: =IF(COUNTIFS(TKB_HK2_Moi_Giang!$S:$S,ThongKe_GV!$C16,TKB_HK2_Moi_Giang!$K:$K,ThongKe_GV!J$1,TKB_HK2_Moi_Giang!$L:$L,ThongKe_GV!J$2)>0,"X","") -> X | K16: =IF(COUNTIFS(TKB_HK2_Moi_Giang!$S:$S,ThongKe_GV!$C16,TKB_HK2_Moi_Giang!$K:$K,ThongKe_GV!K$1,TKB_HK2_Moi_Giang!$L:$L,ThongKe_GV!K$2)>0,"X","") | L16: =IF(COUNTIFS(TKB_HK2_Moi_Giang!$S:$S,ThongKe_GV!$C16,TKB_HK2_Moi_Giang!$K:$K,ThongKe_GV!L$1,TKB_HK2_Moi_Giang!$L:$L,ThongKe_GV!L$2)>0,"X","") | ... AB16: =IF(COUNTIFS(TKB_HK2_Moi_Giang!$S:$S,ThongKe_GV!$C16,TKB_HK2_Moi_Giang!$K:$K,ThongKe_GV!AB$1,TKB_HK2_Moi_Giang!$L:$L,ThongKe_GV!AB$2)>0,"X","")
A17: =IF(MID(B17,4,1)="Q","Quản trị",IF(MID(B17,4,1)="T","Thiết kế",IF(MID(B17,4,1)="N","Ngoại ngữ",IF(MID(B17,4,1)="C","Công nghệ",IF(MID(B17,4,1)="Y","Y dược",IF(MID(B17,4,1)="V","Văn hóa","")))))) | B17: TG-BTEC060 | C17: Nguyễn Thị Thanh Nga | D17: nganguyendesigner@gmail.com | E17: =IF(COUNTIFS(TKB_HK2_Moi_Giang!$S:$S,ThongKe_GV!$C17,TKB_HK2_Moi_Giang!$K:$K,ThongKe_GV!E$1,TKB_HK2_Moi_Giang!$L:$L,ThongKe_GV!E$2)>0,"X","") | F17: =IF(COUNTIFS(TKB_HK2_Moi_Giang!$S:$S,ThongKe_GV!$C17,TKB_HK2_Moi_Giang!$K:$K,ThongKe_GV!F$1,TKB_HK2_Moi_Giang!$L:$L,ThongKe_GV!F$2)>0,"X","") | G17: =IF(COUNTIFS(TKB_HK2_Moi_Giang!$S:$S,ThongKe_GV!$C17,TKB_HK2_Moi_Giang!$K:$K,ThongKe_GV!G$1,TKB_HK2_Moi_Giang!$L:$L,ThongKe_GV!G$2)>0,"X","") | H17: =IF(COUNTIFS(TKB_HK2_Moi_Giang!$S:$S,ThongKe_GV!$C17,TKB_HK2_Moi_Giang!$K:$K,ThongKe_GV!H$1,TKB_HK2_Moi_Giang!$L:$L,ThongKe_GV!H$2)>0,"X","") | I17: =IF(COUNTIFS(TKB_HK2_Moi_Giang!$S:$S,ThongKe_GV!$C17,TKB_HK2_Moi_Giang!$K:$K,ThongKe_GV!I$1,TKB_HK2_Moi_Giang!$L:$L,ThongKe_GV!I$2)>0,"X","") | J17: =IF(COUNTIFS(TKB_HK2_Moi_Giang!$S:$S,ThongKe_GV!$C17,TKB_HK2_Moi_Giang!$K:$K,ThongKe_GV!J$1,TKB_HK2_Moi_Giang!$L:$L,ThongKe_GV!J$2)>0,"X","") | K17: =IF(COUNTIFS(TKB_HK2_Moi_Giang!$S:$S,ThongKe_GV!$C17,TKB_HK2_Moi_Giang!$K:$K,ThongKe_GV!K$1,TKB_HK2_Moi_Giang!$L:$L,ThongKe_GV!K$2)>0,"X","") | L17: =IF(COUNTIFS(TKB_HK2_Moi_Giang!$S:$S,ThongKe_GV!$C17,TKB_HK2_Moi_Giang!$K:$K,ThongKe_GV!L$1,TKB_HK2_Moi_Giang!$L:$L,ThongKe_GV!L$2)>0,"X","") | ... AB17: =IF(COUNTIFS(TKB_HK2_Moi_Giang!$S:$S,ThongKe_GV!$C17,TKB_HK2_Moi_Giang!$K:$K,ThongKe_GV!AB$1,TKB_HK2_Moi_Giang!$L:$L,ThongKe_GV!AB$2)>0,"X","")
A18: =IF(MID(B18,4,1)="Q","Quản trị",IF(MID(B18,4,1)="T","Thiết kế",IF(MID(B18,4,1)="N","Ngoại ngữ",IF(MID(B18,4,1)="C","Công nghệ",IF(MID(B18,4,1)="Y","Y dược",IF(MID(B18,4,1)="V","Văn hóa","")))))) -> Văn hóa | B18: TG-VH005 | C18: Đỗ Đinh Linh Vũ | D18: linhvudodhsp@gmail.com | E18: =IF(COUNTIFS(TKB_HK2_Moi_Giang!$S:$S,ThongKe_GV!$C18,TKB_HK2_Moi_Giang!$K:$K,ThongKe_GV!E$1,TKB_HK2_Moi_Giang!$L:$L,ThongKe_GV!E$2)>0,"X","") | F18: =IF(COUNTIFS(TKB_HK2_Moi_Giang!$S:$S,ThongKe_GV!$C18,TKB_HK2_Moi_Giang!$K:$K,ThongKe_GV!F$1,TKB_HK2_Moi_Giang!$L:$L,ThongKe_GV!F$2)>0,"X","") | G18: =IF(COUNTIFS(TKB_HK2_Moi_Giang!$S:$S,ThongKe_GV!$C18,TKB_HK2_Moi_Giang!$K:$K,ThongKe_GV!G$1,TKB_HK2_Moi_Giang!$L:$L,ThongKe_GV!G$2)>0,"X","") | H18: =IF(COUNTIFS(TKB_HK2_Moi_Giang!$S:$S,ThongKe_GV!$C18,TKB_HK2_Moi_Giang!$K:$K,ThongKe_GV!H$1,TKB_HK2_Moi_Giang!$L:$L,ThongKe_GV!H$2)>0,"X","") | I18: =IF(COUNTIFS(TKB_HK2_Moi_Giang!$S:$S,ThongKe_GV!$C18,TKB_HK2_Moi_Giang!$K:$K,ThongKe_GV!I$1,TKB_HK2_Moi_Giang!$L:$L,ThongKe_GV!I$2)>0,"X","") | J18: =IF(COUNTIFS(TKB_HK2_Moi_Giang!$S:$S,ThongKe_GV!$C18,TKB_HK2_Moi_Giang!$K:$K,ThongKe_GV!J$1,TKB_HK2_Moi_Giang!$L:$L,ThongKe_GV!J$2)>0,"X","") | K18: =IF(COUNTIFS(TKB_HK2_Moi_Giang!$S:$S,ThongKe_GV!$C18,TKB_HK2_Moi_Giang!$K:$K,ThongKe_GV!K$1,TKB_HK2_Moi_Giang!$L:$L,ThongKe_GV!K$2)>0,"X","") | L18: =IF(COUNTIFS(TKB_HK2_Moi_Giang!$S:$S,ThongKe_GV!$C18,TKB_HK2_Moi_Giang!$K:$K,ThongKe_GV!L$1,TKB_HK2_Moi_Giang!$L:$L,ThongKe_GV!L$2)>0,"X","") | ... AB18: =IF(COUNTIFS(TKB_HK2_Moi_Giang!$S:$S,ThongKe_GV!$C18,TKB_HK2_Moi_Giang!$K:$K,ThongKe_GV!AB$1,TKB_HK2_Moi_Giang!$L:$L,ThongKe_GV!AB$2)>0,"X","")
A19: =IF(MID(B19,4,1)="Q","Quản trị",IF(MID(B19,4,1)="T","Thiết kế",IF(MID(B19,4,1)="N","Ngoại ngữ",IF(MID(B19,4,1)="C","Công nghệ",IF(MID(B19,4,1)="Y","Y dược",IF(MID(B19,4,1)="V","Văn hóa","")))))) -> Ngoại ngữ | B19: TG-NN087 | C19: Trần Thị Thanh Thanh | D19: thanhthanh6495@gmail.com | E19: =IF(COUNTIFS(TKB_HK2_Moi_Giang!$S:$S,ThongKe_GV!$C19,TKB_HK2_Moi_Giang!$K:$K,ThongKe_GV!E$1,TKB_HK2_Moi_Giang!$L:$L,ThongKe_GV!E$2)>0,"X","") | F19: =IF(COUNTIFS(TKB_HK2_Moi_Giang!$S:$S,ThongKe_GV!$C19,TKB_HK2_Moi_Giang!$K:$K,ThongKe_GV!F$1,TKB_HK2_Moi_Giang!$L:$L,ThongKe_GV!F$2)>0,"X","") | G19: =IF(COUNTIFS(TKB_HK2_Moi_Giang!$S:$S,ThongKe_GV!$C19,TKB_HK2_Moi_Giang!$K:$K,ThongKe_GV!G$1,TKB_HK2_Moi_Giang!$L:$L,ThongKe_GV!G$2)>0,"X","") | H19: =IF(COUNTIFS(TKB_HK2_Moi_Giang!$S:$S,ThongKe_GV!$C19,TKB_HK2_Moi_Giang!$K:$K,ThongKe_GV!H$1,TKB_HK2_Moi_Giang!$L:$L,ThongKe_GV!H$2)>0,"X","") | I19: =IF(COUNTIFS(TKB_HK2_Moi_Giang!$S:$S,ThongKe_GV!$C19,TKB_HK2_Moi_Giang!$K:$K,ThongKe_GV!I$1,TKB_HK2_Moi_Giang!$L:$L,ThongKe_GV!I$2)>0,"X","") | J19: =IF(COUNTIFS(TKB_HK2_Moi_Giang!$S:$S,ThongKe_GV!$C19,TKB_HK2_Moi_Giang!$K:$K,ThongKe_GV!J$1,TKB_HK2_Moi_Giang!$L:$L,ThongKe_GV!J$2)>0,"X","") | K19: =IF(COUNTIFS(TKB_HK2_Moi_Giang!$S:$S,ThongKe_GV!$C19,TKB_HK2_Moi_Giang!$K:$K,ThongKe_GV!K$1,TKB_HK2_Moi_Giang!$L:$L,ThongKe_GV!K$2)>0,"X","") | L19: =IF(COUNTIFS(TKB_HK2_Moi_Giang!$S:$S,ThongKe_GV!$C19,TKB_HK2_Moi_Giang!$K:$K,ThongKe_GV!L$1,TKB_HK2_Moi_Giang!$L:$L,ThongKe_GV!L$2)>0,"X","") | ... AB19: =IF(COUNTIFS(TKB_HK2_Moi_Giang!$S:$S,ThongKe_GV!$C19,TKB_HK2_Moi_Giang!$K:$K,ThongKe_GV!AB$1,TKB_HK2_Moi_Giang!$L:$L,ThongKe_GV!AB$2)>0,"X","")
A20: =IF(MID(B20,4,1)="Q","Quản trị",IF(MID(B20,4,1)="T","Thiết kế",IF(MID(B20,4,1)="N","Ngoại ngữ",IF(MID(B20,4,1)="C","Công nghệ",IF(MID(B20,4,1)="Y","Y dược",IF(MID(B20,4,1)="V","Văn hóa","")))))) -> Ngoại ngữ | B20: TG-NN49 | C20: Nguyễn Khánh Lĩnh | D20: khanhlinhmicvang@gmail.com | E20: =IF(COUNTIFS(TKB_HK2_Moi_Giang!$S:$S,ThongKe_GV!$C20,TKB_HK2_Moi_Giang!$K:$K,ThongKe_GV!E$1,TKB_HK2_Moi_Giang!$L:$L,ThongKe_GV!E$2)>0,"X","") | F20: =IF(COUNTIFS(TKB_HK2_Moi_Giang!$S:$S,ThongKe_GV!$C20,TKB_HK2_Moi_Giang!$K:$K,ThongKe_GV!F$1,TKB_HK2_Moi_Giang!$L:$L,ThongKe_GV!F$2)>0,"X","") | G20: =IF(COUNTIFS(TKB_HK2_Moi_Giang!$S:$S,ThongKe_GV!$C20,TKB_HK2_Moi_Giang!$K:$K,ThongKe_GV!G$1,TKB_HK2_Moi_Giang!$L:$L,ThongKe_GV!G$2)>0,"X","") | H20: =IF(COUNTIFS(TKB_HK2_Moi_Giang!$S:$S,ThongKe_GV!$C20,TKB_HK2_Moi_Giang!$K:$K,ThongKe_GV!H$1,TKB_HK2_Moi_Giang!$L:$L,ThongKe_GV!H$2)>0,"X","") | I20: =IF(COUNTIFS(TKB_HK2_Moi_Giang!$S:$S,ThongKe_GV!$C20,TKB_HK2_Moi_Giang!$K:$K,ThongKe_GV!I$1,TKB_HK2_Moi_Giang!$L:$L,ThongKe_GV!I$2)>0,"X","") | J20: =IF(COUNTIFS(TKB_HK2_Moi_Giang!$S:$S,ThongKe_GV!$C20,TKB_HK2_Moi_Giang!$K:$K,ThongKe_GV!J$1,TKB_HK2_Moi_Giang!$L:$L,ThongKe_GV!J$2)>0,"X","") | K20: =IF(COUNTIFS(TKB_HK2_Moi_Giang!$S:$S,ThongKe_GV!$C20,TKB_HK2_Moi_Giang!$K:$K,ThongKe_GV!K$1,TKB_HK2_Moi_Giang!$L:$L,ThongKe_GV!K$2)>0,"X","") | L20: =IF(COUNTIFS(TKB_HK2_Moi_Giang!$S:$S,ThongKe_GV!$C20,TKB_HK2_Moi_Giang!$K:$K,ThongKe_GV!L$1,TKB_HK2_Moi_Giang!$L:$L,ThongKe_GV!L$2)>0,"X","") | ... AB20: =IF(COUNTIFS(TKB_HK2_Moi_Giang!$S:$S,ThongKe_GV!$C20,TKB_HK2_Moi_Giang!$K:$K,ThongKe_GV!AB$1,TKB_HK2_Moi_Giang!$L:$L,ThongKe_GV!AB$2)>0,"X","")
A21: =IF(MID(B21,4,1)="Q","Quản trị",IF(MID(B21,4,1)="T","Thiết kế",IF(MID(B21,4,1)="N","Ngoại ngữ",IF(MID(B21,4,1)="C","Công nghệ",IF(MID(B21,4,1)="Y","Y dược",IF(MID(B21,4,1)="V","Văn hóa","")))))) -> Quản trị | B21: TG-QT0100 | C21: Trần Mỹ Ngọc | D21: tranngocpt1512@gmail.com | E21: =IF(COUNTIFS(TKB_HK2_Moi_Giang!$S:$S,ThongKe_GV!$C21,TKB_HK2_Moi_Giang!$K:$K,ThongKe_GV!E$1,TKB_HK2_Moi_Giang!$L:$L,ThongKe_GV!E$2)>0,"X","") | F21: =IF(COUNTIFS(TKB_HK2_Moi_Giang!$S:$S,ThongKe_GV!$C21,TKB_HK2_Moi_Giang!$K:$K,ThongKe_GV!F$1,TKB_HK2_Moi_Giang!$L:$L,ThongKe_GV!F$2)>0,"X","") | G21: =IF(COUNTIFS(TKB_HK2_Moi_Giang!$S:$S,ThongKe_GV!$C21,TKB_HK2_Moi_Giang!$K:$K,ThongKe_GV!G$1,TKB_HK2_Moi_Giang!$L:$L,ThongKe_GV!G$2)>0,"X","") | H21: =IF(COUNTIFS(TKB_HK2_Moi_Giang!$S:$S,ThongKe_GV!$C21,TKB_HK2_Moi_Giang!$K:$K,ThongKe_GV!H$1,TKB_HK2_Moi_Giang!$L:$L,ThongKe_GV!H$2)>0,"X","") | I21: =IF(COUNTIFS(TKB_HK2_Moi_Giang!$S:$S,ThongKe_GV!$C21,TKB_HK2_Moi_Giang!$K:$K,ThongKe_GV!I$1,TKB_HK2_Moi_Giang!$L:$L,ThongKe_GV!I$2)>0,"X","") | J21: =IF(COUNTIFS(TKB_HK2_Moi_Giang!$S:$S,ThongKe_GV!$C21,TKB_HK2_Moi_Giang!$K:$K,ThongKe_GV!J$1,TKB_HK2_Moi_Giang!$L:$L,ThongKe_GV!J$2)>0,"X","") | K21: =IF(COUNTIFS(TKB_HK2_Moi_Giang!$S:$S,ThongKe_GV!$C21,TKB_HK2_Moi_Giang!$K:$K,ThongKe_GV!K$1,TKB_HK2_Moi_Giang!$L:$L,ThongKe_GV!K$2)>0,"X","") | L21: =IF(COUNTIFS(TKB_HK2_Moi_Giang!$S:$S,ThongKe_GV!$C21,TKB_HK2_Moi_Giang!$K:$K,ThongKe_GV!L$1,TKB_HK2_Moi_Giang!$L:$L,ThongKe_GV!L$2)>0,"X","") | ... AB21: =IF(COUNTIFS(TKB_HK2_Moi_Giang!$S:$S,ThongKe_GV!$C21,TKB_HK2_Moi_Giang!$K:$K,ThongKe_GV!AB$1,TKB_HK2_Moi_Giang!$L:$L,ThongKe_GV!AB$2)>0,"X","")
A22: =IF(MID(B22,4,1)="Q","Quản trị",IF(MID(B22,4,1)="T","Thiết kế",IF(MID(B22,4,1)="N","Ngoại ngữ",IF(MID(B22,4,1)="C","Công nghệ",IF(MID(B22,4,1)="Y","Y dược",IF(MID(B22,4,1)="V","Văn hóa","")))))) -> Công nghệ | B22: TG-CNTT019 | C22: Châu Trần Trúc Ly | D22: chautrantrucly@gmail.com | E22: =IF(COUNTIFS(TKB_HK2_Moi_Giang!$S:$S,ThongKe_GV!$C22,TKB_HK2_Moi_Giang!$K:$K,ThongKe_GV!E$1,TKB_HK2_Moi_Giang!$L:$L,ThongKe_GV!E$2)>0,"X","") | F22: =IF(COUNTIFS(TKB_HK2_Moi_Giang!$S:$S,ThongKe_GV!$C22,TKB_HK2_Moi_Giang!$K:$K,ThongKe_GV!F$1,TKB_HK2_Moi_Giang!$L:$L,ThongKe_GV!F$2)>0,"X","") | G22: =IF(COUNTIFS(TKB_HK2_Moi_Giang!$S:$S,ThongKe_GV!$C22,TKB_HK2_Moi_Giang!$K:$K,ThongKe_GV!G$1,TKB_HK2_Moi_Giang!$L:$L,ThongKe_GV!G$2)>0,"X","") | H22: =IF(COUNTIFS(TKB_HK2_Moi_Giang!$S:$S,ThongKe_GV!$C22,TKB_HK2_Moi_Giang!$K:$K,ThongKe_GV!H$1,TKB_HK2_Moi_Giang!$L:$L,ThongKe_GV!H$2)>0,"X","") | I22: =IF(COUNTIFS(TKB_HK2_Moi_Giang!$S:$S,ThongKe_GV!$C22,TKB_HK2_Moi_Giang!$K:$K,ThongKe_GV!I$1,TKB_HK2_Moi_Giang!$L:$L,ThongKe_GV!I$2)>0,"X","") | J22: =IF(COUNTIFS(TKB_HK2_Moi_Giang!$S:$S,ThongKe_GV!$C22,TKB_HK2_Moi_Giang!$K:$K,ThongKe_GV!J$1,TKB_HK2_Moi_Giang!$L:$L,ThongKe_GV!J$2)>0,"X","") | K22: =IF(COUNTIFS(TKB_HK2_Moi_Giang!$S:$S,ThongKe_GV!$C22,TKB_HK2_Moi_Giang!$K:$K,ThongKe_GV!K$1,TKB_HK2_Moi_Giang!$L:$L,ThongKe_GV!K$2)>0,"X","") | L22: =IF(COUNTIFS(TKB_HK2_Moi_Giang!$S:$S,ThongKe_GV!$C22,TKB_HK2_Moi_Giang!$K:$K,ThongKe_GV!L$1,TKB_HK2_Moi_Giang!$L:$L,ThongKe_GV!L$2)>0,"X","") | ... AB22: =IF(COUNTIFS(TKB_HK2_Moi_Giang!$S:$S,ThongKe_GV!$C22,TKB_HK2_Moi_Giang!$K:$K,ThongKe_GV!AB$1,TKB_HK2_Moi_Giang!$L:$L,ThongKe_GV!AB$2)>0,"X","")
A23: =IF(MID(B23,4,1)="Q","Quản trị",IF(MID(B23,4,1)="T","Thiết kế",IF(MID(B23,4,1)="N","Ngoại ngữ",IF(MID(B23,4,1)="C","Công nghệ",IF(MID(B23,4,1)="Y","Y dược",IF(MID(B23,4,1)="V","Văn hóa","")))))) -> Quản trị | B23: TG-QT060 | C23: Bùi Thị Hồng Thắm | D23: tham.bui@caodangvietmy.edu.vn | E23: =IF(COUNTIFS(TKB_HK2_Moi_Giang!$S:$S,ThongKe_GV!$C23,TKB_HK2_Moi_Giang!$K:$K,ThongKe_GV!E$1,TKB_HK2_Moi_Giang!$L:$L,ThongKe_GV!E$2)>0,"X","") | F23: =IF(COUNTIFS(TKB_HK2_Moi_Giang!$S:$S,ThongKe_GV!$C23,TKB_HK2_Moi_Giang!$K:$K,ThongKe_GV!F$1,TKB_HK2_Moi_Giang!$L:$L,ThongKe_GV!F$2)>0,"X","") | G23: =IF(COUNTIFS(TKB_HK2_Moi_Giang!$S:$S,ThongKe_GV!$C23,TKB_HK2_Moi_Giang!$K:$K,ThongKe_GV!G$1,TKB_HK2_Moi_Giang!$L:$L,ThongKe_GV!G$2)>0,"X","") | H23: =IF(COUNTIFS(TKB_HK2_Moi_Giang!$S:$S,ThongKe_GV!$C23,TKB_HK2_Moi_Giang!$K:$K,ThongKe_GV!H$1,TKB_HK2_Moi_Giang!$L:$L,ThongKe_GV!H$2)>0,"X","") | I23: =IF(COUNTIFS(TKB_HK2_Moi_Giang!$S:$S,ThongKe_GV!$C23,TKB_HK2_Moi_Giang!$K:$K,ThongKe_GV!I$1,TKB_HK2_Moi_Giang!$L:$L,ThongKe_GV!I$2)>0,"X","") -> X | J23: =IF(COUNTIFS(TKB_HK2_Moi_Giang!$S:$S,ThongKe_GV!$C23,TKB_HK2_Moi_Giang!$K:$K,ThongKe_GV!J$1,TKB_HK2_Moi_Giang!$L:$L,ThongKe_GV!J$2)>0,"X","") | K23: =IF(COUNTIFS(TKB_HK2_Moi_Giang!$S:$S,ThongKe_GV!$C23,TKB_HK2_Moi_Giang!$K:$K,ThongKe_GV!K$1,TKB_HK2_Moi_Giang!$L:$L,ThongKe_GV!K$2)>0,"X","") | L23: =IF(COUNTIFS(TKB_HK2_Moi_Giang!$S:$S,ThongKe_GV!$C23,TKB_HK2_Moi_Giang!$K:$K,ThongKe_GV!L$1,TKB_HK2_Moi_Giang!$L:$L,ThongKe_GV!L$2)>0,"X","") | ... AB23: =IF(COUNTIFS(TKB_HK2_Moi_Giang!$S:$S,ThongKe_GV!$C23,TKB_HK2_Moi_Giang!$K:$K,ThongKe_GV!AB$1,TKB_HK2_Moi_Giang!$L:$L,ThongKe_GV!AB$2)>0,"X","")
A24: =IF(MID(B24,4,1)="Q","Quản trị",IF(MID(B24,4,1)="T","Thiết kế",IF(MID(B24,4,1)="N","Ngoại ngữ",IF(MID(B24,4,1)="C","Công nghệ",IF(MID(B24,4,1)="Y","Y dược",IF(MID(B24,4,1)="V","Văn hóa","")))))) -> Thiết kế | B24: TG-TK005 | C24: Bùi Thị Tuyết Hương | D24: ktk.thoitrang25.hcm@caodangvietmy.edu.vn | E24: =IF(COUNTIFS(TKB_HK2_Moi_Giang!$S:$S,ThongKe_GV!$C24,TKB_HK2_Moi_Giang!$K:$K,ThongKe_GV!E$1,TKB_HK2_Moi_Giang!$L:$L,ThongKe_GV!E$2)>0,"X","") | F24: =IF(COUNTIFS(TKB_HK2_Moi_Giang!$S:$S,ThongKe_GV!$C24,TKB_HK2_Moi_Giang!$K:$K,ThongKe_GV!F$1,TKB_HK2_Moi_Giang!$L:$L,ThongKe_GV!F$2)>0,"X","") | G24: =IF(COUNTIFS(TKB_HK2_Moi_Giang!$S:$S,ThongKe_GV!$C24,TKB_HK2_Moi_Giang!$K:$K,ThongKe_GV!G$1,TKB_HK2_Moi_Giang!$L:$L,ThongKe_GV!G$2)>0,"X","") | H24: =IF(COUNTIFS(TKB_HK2_Moi_Giang!$S:$S,ThongKe_GV!$C24,TKB_HK2_Moi_Giang!$K:$K,ThongKe_GV!H$1,TKB_HK2_Moi_Giang!$L:$L,ThongKe_GV!H$2)>0,"X","") | I24: =IF(COUNTIFS(TKB_HK2_Moi_Giang!$S:$S,ThongKe_GV!$C24,TKB_HK2_Moi_Giang!$K:$K,ThongKe_GV!I$1,TKB_HK2_Moi_Giang!$L:$L,ThongKe_GV!I$2)>0,"X","") | J24: =IF(COUNTIFS(TKB_HK2_Moi_Giang!$S:$S,ThongKe_GV!$C24,TKB_HK2_Moi_Giang!$K:$K,ThongKe_GV!J$1,TKB_HK2_Moi_Giang!$L:$L,ThongKe_GV!J$2)>0,"X","") | K24: =IF(COUNTIFS(TKB_HK2_Moi_Giang!$S:$S,ThongKe_GV!$C24,TKB_HK2_Moi_Giang!$K:$K,ThongKe_GV!K$1,TKB_HK2_Moi_Giang!$L:$L,ThongKe_GV!K$2)>0,"X","") | L24: =IF(COUNTIFS(TKB_HK2_Moi_Giang!$S:$S,ThongKe_GV!$C24,TKB_HK2_Moi_Giang!$K:$K,ThongKe_GV!L$1,TKB_HK2_Moi_Giang!$L:$L,ThongKe_GV!L$2)>0,"X","") | ... AB24: =IF(COUNTIFS(TKB_HK2_Moi_Giang!$S:$S,ThongKe_GV!$C24,TKB_HK2_Moi_Giang!$K:$K,ThongKe_GV!AB$1,TKB_HK2_Moi_Giang!$L:$L,ThongKe_GV!AB$2)>0,"X","")
A25: =IF(MID(B25,4,1)="Q","Quản trị",IF(MID(B25,4,1)="T","Thiết kế",IF(MID(B25,4,1)="N","Ngoại ngữ",IF(MID(B25,4,1)="C","Công nghệ",IF(MID(B25,4,1)="Y","Y dược",IF(MID(B25,4,1)="V","Văn hóa","")))))) -> Công nghệ | B25: TG-CNTT11 | C25: Trần Ngọc Dân | D25: ngocdancntt@gmail.com | E25: =IF(COUNTIFS(TKB_HK2_Moi_Giang!$S:$S,ThongKe_GV!$C25,TKB_HK2_Moi_Giang!$K:$K,ThongKe_GV!E$1,TKB_HK2_Moi_Giang!$L:$L,ThongKe_GV!E$2)>0,"X","") | F25: =IF(COUNTIFS(TKB_HK2_Moi_Giang!$S:$S,ThongKe_GV!$C25,TKB_HK2_Moi_Giang!$K:$K,ThongKe_GV!F$1,TKB_HK2_Moi_Giang!$L:$L,ThongKe_GV!F$2)>0,"X","") | G25: =IF(COUNTIFS(TKB_HK2_Moi_Giang!$S:$S,ThongKe_GV!$C25,TKB_HK2_Moi_Giang!$K:$K,ThongKe_GV!G$1,TKB_HK2_Moi_Giang!$L:$L,ThongKe_GV!G$2)>0,"X","") | H25: =IF(COUNTIFS(TKB_HK2_Moi_Giang!$S:$S,ThongKe_GV!$C25,TKB_HK2_Moi_Giang!$K:$K,ThongKe_GV!H$1,TKB_HK2_Moi_Giang!$L:$L,ThongKe_GV!H$2)>0,"X","") | I25: =IF(COUNTIFS(TKB_HK2_Moi_Giang!$S:$S,ThongKe_GV!$C25,TKB_HK2_Moi_Giang!$K:$K,ThongKe_GV!I$1,TKB_HK2_Moi_Giang!$L:$L,ThongKe_GV!I$2)>0,"X","") | J25: =IF(COUNTIFS(TKB_HK2_Moi_Giang!$S:$S,ThongKe_GV!$C25,TKB_HK2_Moi_Giang!$K:$K,ThongKe_GV!J$1,TKB_HK2_Moi_Giang!$L:$L,ThongKe_GV!J$2)>0,"X","") | K25: =IF(COUNTIFS(TKB_HK2_Moi_Giang!$S:$S,ThongKe_GV!$C25,TKB_HK2_Moi_Giang!$K:$K,ThongKe_GV!K$1,TKB_HK2_Moi_Giang!$L:$L,ThongKe_GV!K$2)>0,"X","") | L25: =IF(COUNTIFS(TKB_HK2_Moi_Giang!$S:$S,ThongKe_GV!$C25,TKB_HK2_Moi_Giang!$K:$K,ThongKe_GV!L$1,TKB_HK2_Moi_Giang!$L:$L,ThongKe_GV!L$2)>0,"X","") | ... AB25: =IF(COUNTIFS(TKB_HK2_Moi_Giang!$S:$S,ThongKe_GV!$C25,TKB_HK2_Moi_Giang!$K:$K,ThongKe_GV!AB$1,TKB_HK2_Moi_Giang!$L:$L,ThongKe_GV!AB$2)>0,"X","")
A26: =IF(MID(B26,4,1)="Q","Quản trị",IF(MID(B26,4,1)="T","Thiết kế",IF(MID(B26,4,1)="N","Ngoại ngữ",IF(MID(B26,4,1)="C","Công nghệ",IF(MID(B26,4,1)="Y","Y dược",IF(MID(B26,4,1)="V","Văn hóa","")))))) -> Ngoại ngữ | B26: TG-NN48 | C26: Nguyễn Thị Mạnh Hà | D26: riv.nguyen@gmail.com | E26: =IF(COUNTIFS(TKB_HK2_Moi_Giang!$S:$S,ThongKe_GV!$C26,TKB_HK2_Moi_Giang!$K:$K,ThongKe_GV!E$1,TKB_HK2_Moi_Giang!$L:$L,ThongKe_GV!E$2)>0,"X","") | F26: =IF(COUNTIFS(TKB_HK2_Moi_Giang!$S:$S,ThongKe_GV!$C26,TKB_HK2_Moi_Giang!$K:$K,ThongKe_GV!F$1,TKB_HK2_Moi_Giang!$L:$L,ThongKe_GV!F$2)>0,"X","") | G26: =IF(COUNTIFS(TKB_HK2_Moi_Giang!$S:$S,ThongKe_GV!$C26,TKB_HK2_Moi_Giang!$K:$K,ThongKe_GV!G$1,TKB_HK2_Moi_Giang!$L:$L,ThongKe_GV!G$2)>0,"X","") | H26: =IF(COUNTIFS(TKB_HK2_Moi_Giang!$S:$S,ThongKe_GV!$C26,TKB_HK2_Moi_Giang!$K:$K,ThongKe_GV!H$1,TKB_HK2_Moi_Giang!$L:$L,ThongKe_GV!H$2)>0,"X","") | I26: =IF(COUNTIFS(TKB_HK2_Moi_Giang!$S:$S,ThongKe_GV!$C26,TKB_HK2_Moi_Giang!$K:$K,ThongKe_GV!I$1,TKB_HK2_Moi_Giang!$L:$L,ThongKe_GV!I$2)>0,"X","") | J26: =IF(COUNTIFS(TKB_HK2_Moi_Giang!$S:$S,ThongKe_GV!$C26,TKB_HK2_Moi_Giang!$K:$K,ThongKe_GV!J$1,TKB_HK2_Moi_Giang!$L:$L,ThongKe_GV!J$2)>0,"X","") | K26: =IF(COUNTIFS(TKB_HK2_Moi_Giang!$S:$S,ThongKe_GV!$C26,TKB_HK2_Moi_Giang!$K:$K,ThongKe_GV!K$1,TKB_HK2_Moi_Giang!$L:$L,ThongKe_GV!K$2)>0,"X","") | L26: =IF(COUNTIFS(TKB_HK2_Moi_Giang!$S:$S,ThongKe_GV!$C26,TKB_HK2_Moi_Giang!$K:$K,ThongKe_GV!L$1,TKB_HK2_Moi_Giang!$L:$L,ThongKe_GV!L$2)>0,"X","") | ... AB26: =IF(COUNTIFS(TKB_HK2_Moi_Giang!$S:$S,ThongKe_GV!$C26,TKB_HK2_Moi_Giang!$K:$K,ThongKe_GV!AB$1,TKB_HK2_Moi_Giang!$L:$L,ThongKe_GV!AB$2)>0,"X","")
A27: =IF(MID(B27,4,1)="Q","Quản trị",IF(MID(B27,4,1)="T","Thiết kế",IF(MID(B27,4,1)="N","Ngoại ngữ",IF(MID(B27,4,1)="C","Công nghệ",IF(MID(B27,4,1)="Y","Y dược",IF(MID(B27,4,1)="V","Văn hóa","")))))) -> Thiết kế | B27: TG-TK51 | C27: Phạm Đỗ Hoàng An | D27: anphamdo.hcm@gmail.com | E27: =IF(COUNTIFS(TKB_HK2_Moi_Giang!$S:$S,ThongKe_GV!$C27,TKB_HK2_Moi_Giang!$K:$K,ThongKe_GV!E$1,TKB_HK2_Moi_Giang!$L:$L,ThongKe_GV!E$2)>0,"X","") | F27: =IF(COUNTIFS(TKB_HK2_Moi_Giang!$S:$S,ThongKe_GV!$C27,TKB_HK2_Moi_Giang!$K:$K,ThongKe_GV!F$1,TKB_HK2_Moi_Giang!$L:$L,ThongKe_GV!F$2)>0,"X","") | G27: =IF(COUNTIFS(TKB_HK2_Moi_Giang!$S:$S,ThongKe_GV!$C27,TKB_HK2_Moi_Giang!$K:$K,ThongKe_GV!G$1,TKB_HK2_Moi_Giang!$L:$L,ThongKe_GV!G$2)>0,"X","") | H27: =IF(COUNTIFS(TKB_HK2_Moi_Giang!$S:$S,ThongKe_GV!$C27,TKB_HK2_Moi_Giang!$K:$K,ThongKe_GV!H$1,TKB_HK2_Moi_Giang!$L:$L,ThongKe_GV!H$2)>0,"X","") | I27: =IF(COUNTIFS(TKB_HK2_Moi_Giang!$S:$S,ThongKe_GV!$C27,TKB_HK2_Moi_Giang!$K:$K,ThongKe_GV!I$1,TKB_HK2_Moi_Giang!$L:$L,ThongKe_GV!I$2)>0,"X","") | J27: =IF(COUNTIFS(TKB_HK2_Moi_Giang!$S:$S,ThongKe_GV!$C27,TKB_HK2_Moi_Giang!$K:$K,ThongKe_GV!J$1,TKB_HK2_Moi_Giang!$L:$L,ThongKe_GV!J$2)>0,"X","") | K27: =IF(COUNTIFS(TKB_HK2_Moi_Giang!$S:$S,ThongKe_GV!$C27,TKB_HK2_Moi_Giang!$K:$K,ThongKe_GV!K$1,TKB_HK2_Moi_Giang!$L:$L,ThongKe_GV!K$2)>0,"X","") | L27: =IF(COUNTIFS(TKB_HK2_Moi_Giang!$S:$S,ThongKe_GV!$C27,TKB_HK2_Moi_Giang!$K:$K,ThongKe_GV!L$1,TKB_HK2_Moi_Giang!$L:$L,ThongKe_GV!L$2)>0,"X","") | ... AB27: =IF(COUNTIFS(TKB_HK2_Moi_Giang!$S:$S,ThongKe_GV!$C27,TKB_HK2_Moi_Giang!$K:$K,ThongKe_GV!AB$1,TKB_HK2_Moi_Giang!$L:$L,ThongKe_GV!AB$2)>0,"X","")
A28: Ngoại ngữ | B28: CH-TA003 | C28: Văng Công Nghiêm | D28: nghiem.vang@caodangvietmy.edu.vn | E28: =IF(COUNTIFS(TKB_HK2_Moi_Giang!$S:$S,ThongKe_GV!$C28,TKB_HK2_Moi_Giang!$K:$K,ThongKe_GV!E$1,TKB_HK2_Moi_Giang!$L:$L,ThongKe_GV!E$2)>0,"X","") | F28: =IF(COUNTIFS(TKB_HK2_Moi_Giang!$S:$S,ThongKe_GV!$C28,TKB_HK2_Moi_Giang!$K:$K,ThongKe_GV!F$1,TKB_HK2_Moi_Giang!$L:$L,ThongKe_GV!F$2)>0,"X","") | G28: =IF(COUNTIFS(TKB_HK2_Moi_Giang!$S:$S,ThongKe_GV!$C28,TKB_HK2_Moi_Giang!$K:$K,ThongKe_GV!G$1,TKB_HK2_Moi_Giang!$L:$L,ThongKe_GV!G$2)>0,"X","") | H28: =IF(COUNTIFS(TKB_HK2_Moi_Giang!$S:$S,ThongKe_GV!$C28,TKB_HK2_Moi_Giang!$K:$K,ThongKe_GV!H$1,TKB_HK2_Moi_Giang!$L:$L,ThongKe_GV!H$2)>0,"X","") | I28: =IF(COUNTIFS(TKB_HK2_Moi_Giang!$S:$S,ThongKe_GV!$C28,TKB_HK2_Moi_Giang!$K:$K,ThongKe_GV!I$1,TKB_HK2_Moi_Giang!$L:$L,ThongKe_GV!I$2)>0,"X","") | J28: =IF(COUNTIFS(TKB_HK2_Moi_Giang!$S:$S,ThongKe_GV!$C28,TKB_HK2_Moi_Giang!$K:$K,ThongKe_GV!J$1,TKB_HK2_Moi_Giang!$L:$L,ThongKe_GV!J$2)>0,"X","") | K28: =IF(COUNTIFS(TKB_HK2_Moi_Giang!$S:$S,ThongKe_GV!$C28,TKB_HK2_Moi_Giang!$K:$K,ThongKe_GV!K$1,TKB_HK2_Moi_Giang!$L:$L,ThongKe_GV!K$2)>0,"X","") | L28: =IF(COUNTIFS(TKB_HK2_Moi_Giang!$S:$S,ThongKe_GV!$C28,TKB_HK2_Moi_Giang!$K:$K,ThongKe_GV!L$1,TKB_HK2_Moi_Giang!$L:$L,ThongKe_GV!L$2)>0,"X","") | ... AB28: =IF(COUNTIFS(TKB_HK2_Moi_Giang!$S:$S,ThongKe_GV!$C28,TKB_HK2_Moi_Giang!$K:$K,ThongKe_GV!AB$1,TKB_HK2_Moi_Giang!$L:$L,ThongKe_GV!AB$2)>0,"X","")
A29: =IF(MID(B29,4,1)="Q","Quản trị",IF(MID(B29,4,1)="T","Thiết kế",IF(MID(B29,4,1)="N","Ngoại ngữ",IF(MID(B29,4,1)="C","Công nghệ",IF(MID(B29,4,1)="Y","Y dược",IF(MID(B29,4,1)="V","Văn hóa","")))))) -> Văn hóa | B29: TG-VH015 | C29: Lư Thanh Vọng | D29: pyputhvong@gmail.com | E29: =IF(COUNTIFS(TKB_HK2_Moi_Giang!$S:$S,ThongKe_GV!$C29,TKB_HK2_Moi_Giang!$K:$K,ThongKe_GV!E$1,TKB_HK2_Moi_Giang!$L:$L,ThongKe_GV!E$2)>0,"X","") | F29: =IF(COUNTIFS(TKB_HK2_Moi_Giang!$S:$S,ThongKe_GV!$C29,TKB_HK2_Moi_Giang!$K:$K,ThongKe_GV!F$1,TKB_HK2_Moi_Giang!$L:$L,ThongKe_GV!F$2)>0,"X","") | G29: =IF(COUNTIFS(TKB_HK2_Moi_Giang!$S:$S,ThongKe_GV!$C29,TKB_HK2_Moi_Giang!$K:$K,ThongKe_GV!G$1,TKB_HK2_Moi_Giang!$L:$L,ThongKe_GV!G$2)>0,"X","") | H29: =IF(COUNTIFS(TKB_HK2_Moi_Giang!$S:$S,ThongKe_GV!$C29,TKB_HK2_Moi_Giang!$K:$K,ThongKe_GV!H$1,TKB_HK2_Moi_Giang!$L:$L,ThongKe_GV!H$2)>0,"X","") | I29: =IF(COUNTIFS(TKB_HK2_Moi_Giang!$S:$S,ThongKe_GV!$C29,TKB_HK2_Moi_Giang!$K:$K,ThongKe_GV!I$1,TKB_HK2_Moi_Giang!$L:$L,ThongKe_GV!I$2)>0,"X","") | J29: =IF(COUNTIFS(TKB_HK2_Moi_Giang!$S:$S,ThongKe_GV!$C29,TKB_HK2_Moi_Giang!$K:$K,ThongKe_GV!J$1,TKB_HK2_Moi_Giang!$L:$L,ThongKe_GV!J$2)>0,"X","") | K29: =IF(COUNTIFS(TKB_HK2_Moi_Giang!$S:$S,ThongKe_GV!$C29,TKB_HK2_Moi_Giang!$K:$K,ThongKe_GV!K$1,TKB_HK2_Moi_Giang!$L:$L,ThongKe_GV!K$2)>0,"X","") | L29: =IF(COUNTIFS(TKB_HK2_Moi_Giang!$S:$S,ThongKe_GV!$C29,TKB_HK2_Moi_Giang!$K:$K,ThongKe_GV!L$1,TKB_HK2_Moi_Giang!$L:$L,ThongKe_GV!L$2)>0,"X","") | ... AB29: =IF(COUNTIFS(TKB_HK2_Moi_Giang!$S:$S,ThongKe_GV!$C29,TKB_HK2_Moi_Giang!$K:$K,ThongKe_GV!AB$1,TKB_HK2_Moi_Giang!$L:$L,ThongKe_GV!AB$2)>0,"X","")
A30: =IF(MID(B30,4,1)="Q","Quản trị",IF(MID(B30,4,1)="T","Thiết kế",IF(MID(B30,4,1)="N","Ngoại ngữ",IF(MID(B30,4,1)="C","Công nghệ",IF(MID(B30,4,1)="Y","Y dược",IF(MID(B30,4,1)="V","Văn hóa","")))))) -> Y dược | B30: TG-YD056 | C30: Nguyễn Bửu Tân | D30: nguyenbuutan2018@gmail.com | E30: =IF(COUNTIFS(TKB_HK2_Moi_Giang!$S:$S,ThongKe_GV!$C30,TKB_HK2_Moi_Giang!$K:$K,ThongKe_GV!E$1,TKB_HK2_Moi_Giang!$L:$L,ThongKe_GV!E$2)>0,"X","") | F30: =IF(COUNTIFS(TKB_HK2_Moi_Giang!$S:$S,ThongKe_GV!$C30,TKB_HK2_Moi_Giang!$K:$K,ThongKe_GV!F$1,TKB_HK2_Moi_Giang!$L:$L,ThongKe_GV!F$2)>0,"X","") | G30: =IF(COUNTIFS(TKB_HK2_Moi_Giang!$S:$S,ThongKe_GV!$C30,TKB_HK2_Moi_Giang!$K:$K,ThongKe_GV!G$1,TKB_HK2_Moi_Giang!$L:$L,ThongKe_GV!G$2)>0,"X","") | H30: =IF(COUNTIFS(TKB_HK2_Moi_Giang!$S:$S,ThongKe_GV!$C30,TKB_HK2_Moi_Giang!$K:$K,ThongKe_GV!H$1,TKB_HK2_Moi_Giang!$L:$L,ThongKe_GV!H$2)>0,"X","") | I30: =IF(COUNTIFS(TKB_HK2_Moi_Giang!$S:$S,ThongKe_GV!$C30,TKB_HK2_Moi_Giang!$K:$K,ThongKe_GV!I$1,TKB_HK2_Moi_Giang!$L:$L,ThongKe_GV!I$2)>0,"X","") | J30: =IF(COUNTIFS(TKB_HK2_Moi_Giang!$S:$S,ThongKe_GV!$C30,TKB_HK2_Moi_Giang!$K:$K,ThongKe_GV!J$1,TKB_HK2_Moi_Giang!$L:$L,ThongKe_GV!J$2)>0,"X","") | K30: =IF(COUNTIFS(TKB_HK2_Moi_Giang!$S:$S,ThongKe_GV!$C30,TKB_HK2_Moi_Giang!$K:$K,ThongKe_GV!K$1,TKB_HK2_Moi_Giang!$L:$L,ThongKe_GV!K$2)>0,"X","") | L30: =IF(COUNTIFS(TKB_HK2_Moi_Giang!$S:$S,ThongKe_GV!$C30,TKB_HK2_Moi_Giang!$K:$K,ThongKe_GV!L$1,TKB_HK2_Moi_Giang!$L:$L,ThongKe_GV!L$2)>0,"X","") | ... AB30: =IF(COUNTIFS(TKB_HK2_Moi_Giang!$S:$S,ThongKe_GV!$C30,TKB_HK2_Moi_Giang!$K:$K,ThongKe_GV!AB$1,TKB_HK2_Moi_Giang!$L:$L,ThongKe_GV!AB$2)>0,"X","")
A31: =IF(MID(B31,4,1)="Q","Quản trị",IF(MID(B31,4,1)="T","Thiết kế",IF(MID(B31,4,1)="N","Ngoại ngữ",IF(MID(B31,4,1)="C","Công nghệ",IF(MID(B31,4,1)="Y","Y dược",IF(MID(B31,4,1)="V","Văn hóa","")))))) -> Y dược | B31: TG-YD39 | C31: Trần Thị Quy | D31: tranthiquy46@yahoo.com | E31: =IF(COUNTIFS(TKB_HK2_Moi_Giang!$S:$S,ThongKe_GV!$C31,TKB_HK2_Moi_Giang!$K:$K,ThongKe_GV!E$1,TKB_HK2_Moi_Giang!$L:$L,ThongKe_GV!E$2)>0,"X","") | F31: =IF(COUNTIFS(TKB_HK2_Moi_Giang!$S:$S,ThongKe_GV!$C31,TKB_HK2_Moi_Giang!$K:$K,ThongKe_GV!F$1,TKB_HK2_Moi_Giang!$L:$L,ThongKe_GV!F$2)>0,"X","") | G31: =IF(COUNTIFS(TKB_HK2_Moi_Giang!$S:$S,ThongKe_GV!$C31,TKB_HK2_Moi_Giang!$K:$K,ThongKe_GV!G$1,TKB_HK2_Moi_Giang!$L:$L,ThongKe_GV!G$2)>0,"X","") | H31: =IF(COUNTIFS(TKB_HK2_Moi_Giang!$S:$S,ThongKe_GV!$C31,TKB_HK2_Moi_Giang!$K:$K,ThongKe_GV!H$1,TKB_HK2_Moi_Giang!$L:$L,ThongKe_GV!H$2)>0,"X","") | I31: =IF(COUNTIFS(TKB_HK2_Moi_Giang!$S:$S,ThongKe_GV!$C31,TKB_HK2_Moi_Giang!$K:$K,ThongKe_GV!I$1,TKB_HK2_Moi_Giang!$L:$L,ThongKe_GV!I$2)>0,"X","") | J31: =IF(COUNTIFS(TKB_HK2_Moi_Giang!$S:$S,ThongKe_GV!$C31,TKB_HK2_Moi_Giang!$K:$K,ThongKe_GV!J$1,TKB_HK2_Moi_Giang!$L:$L,ThongKe_GV!J$2)>0,"X","") | K31: =IF(COUNTIFS(TKB_HK2_Moi_Giang!$S:$S,ThongKe_GV!$C31,TKB_HK2_Moi_Giang!$K:$K,ThongKe_GV!K$1,TKB_HK2_Moi_Giang!$L:$L,ThongKe_GV!K$2)>0,"X","") | L31: =IF(COUNTIFS(TKB_HK2_Moi_Giang!$S:$S,ThongKe_GV!$C31,TKB_HK2_Moi_Giang!$K:$K,ThongKe_GV!L$1,TKB_HK2_Moi_Giang!$L:$L,ThongKe_GV!L$2)>0,"X","") | ... AB31: =IF(COUNTIFS(TKB_HK2_Moi_Giang!$S:$S,ThongKe_GV!$C31,TKB_HK2_Moi_Giang!$K:$K,ThongKe_GV!AB$1,TKB_HK2_Moi_Giang!$L:$L,ThongKe_GV!AB$2)>0,"X","")
A32: =IF(MID(B32,4,1)="Q","Quản trị",IF(MID(B32,4,1)="T","Thiết kế",IF(MID(B32,4,1)="N","Ngoại ngữ",IF(MID(B32,4,1)="C","Công nghệ",IF(MID(B32,4,1)="Y","Y dược",IF(MID(B32,4,1)="V","Văn hóa","")))))) -> Y dược | B32: TG-YD049 | C32: Phạm Thị Thúy Hồng | D32: phamthithuyhong1609@gmail.com | E32: =IF(COUNTIFS(TKB_HK2_Moi_Giang!$S:$S,ThongKe_GV!$C32,TKB_HK2_Moi_Giang!$K:$K,ThongKe_GV!E$1,TKB_HK2_Moi_Giang!$L:$L,ThongKe_GV!E$2)>0,"X","") | F32: =IF(COUNTIFS(TKB_HK2_Moi_Giang!$S:$S,ThongKe_GV!$C32,TKB_HK2_Moi_Giang!$K:$K,ThongKe_GV!F$1,TKB_HK2_Moi_Giang!$L:$L,ThongKe_GV!F$2)>0,"X","") | G32: =IF(COUNTIFS(TKB_HK2_Moi_Giang!$S:$S,ThongKe_GV!$C32,TKB_HK2_Moi_Giang!$K:$K,ThongKe_GV!G$1,TKB_HK2_Moi_Giang!$L:$L,ThongKe_GV!G$2)>0,"X","") | H32: =IF(COUNTIFS(TKB_HK2_Moi_Giang!$S:$S,ThongKe_GV!$C32,TKB_HK2_Moi_Giang!$K:$K,ThongKe_GV!H$1,TKB_HK2_Moi_Giang!$L:$L,ThongKe_GV!H$2)>0,"X","") | I32: =IF(COUNTIFS(TKB_HK2_Moi_Giang!$S:$S,ThongKe_GV!$C32,TKB_HK2_Moi_Giang!$K:$K,ThongKe_GV!I$1,TKB_HK2_Moi_Giang!$L:$L,ThongKe_GV!I$2)>0,"X","") | J32: =IF(COUNTIFS(TKB_HK2_Moi_Giang!$S:$S,ThongKe_GV!$C32,TKB_HK2_Moi_Giang!$K:$K,ThongKe_GV!J$1,TKB_HK2_Moi_Giang!$L:$L,ThongKe_GV!J$2)>0,"X","") | K32: =IF(COUNTIFS(TKB_HK2_Moi_Giang!$S:$S,ThongKe_GV!$C32,TKB_HK2_Moi_Giang!$K:$K,ThongKe_GV!K$1,TKB_HK2_Moi_Giang!$L:$L,ThongKe_GV!K$2)>0,"X","") | L32: =IF(COUNTIFS(TKB_HK2_Moi_Giang!$S:$S,ThongKe_GV!$C32,TKB_HK2_Moi_Giang!$K:$K,ThongKe_GV!L$1,TKB_HK2_Moi_Giang!$L:$L,ThongKe_GV!L$2)>0,"X","") | ... AB32: =IF(COUNTIFS(TKB_HK2_Moi_Giang!$S:$S,ThongKe_GV!$C32,TKB_HK2_Moi_Giang!$K:$K,ThongKe_GV!AB$1,TKB_HK2_Moi_Giang!$L:$L,ThongKe_GV!AB$2)>0,"X","")
A33: =IF(MID(B33,4,1)="Q","Quản trị",IF(MID(B33,4,1)="T","Thiết kế",IF(MID(B33,4,1)="N","Ngoại ngữ",IF(MID(B33,4,1)="C","Công nghệ",IF(MID(B33,4,1)="Y","Y dược",IF(MID(B33,4,1)="V","Văn hóa","")))))) -> Ngoại ngữ | B33: TG-NN056 | C33: Chướng Quân Hải | D33: apc.knn.teacher34@caodangvietmy.edu.vn | E33: =IF(COUNTIFS(TKB_HK2_Moi_Giang!$S:$S,ThongKe_GV!$C33,TKB_HK2_Moi_Giang!$K:$K,ThongKe_GV!E$1,TKB_HK2_Moi_Giang!$L:$L,ThongKe_GV!E$2)>0,"X","") | F33: =IF(COUNTIFS(TKB_HK2_Moi_Giang!$S:$S,ThongKe_GV!$C33,TKB_HK2_Moi_Giang!$K:$K,ThongKe_GV!F$1,TKB_HK2_Moi_Giang!$L:$L,ThongKe_GV!F$2)>0,"X","") | G33: =IF(COUNTIFS(TKB_HK2_Moi_Giang!$S:$S,ThongKe_GV!$C33,TKB_HK2_Moi_Giang!$K:$K,ThongKe_GV!G$1,TKB_HK2_Moi_Giang!$L:$L,ThongKe_GV!G$2)>0,"X","") | H33: =IF(COUNTIFS(TKB_HK2_Moi_Giang!$S:$S,ThongKe_GV!$C33,TKB_HK2_Moi_Giang!$K:$K,ThongKe_GV!H$1,TKB_HK2_Moi_Giang!$L:$L,ThongKe_GV!H$2)>0,"X","") | I33: =IF(COUNTIFS(TKB_HK2_Moi_Giang!$S:$S,ThongKe_GV!$C33,TKB_HK2_Moi_Giang!$K:$K,ThongKe_GV!I$1,TKB_HK2_Moi_Giang!$L:$L,ThongKe_GV!I$2)>0,"X","") | J33: =IF(COUNTIFS(TKB_HK2_Moi_Giang!$S:$S,ThongKe_GV!$C33,TKB_HK2_Moi_Giang!$K:$K,ThongKe_GV!J$1,TKB_HK2_Moi_Giang!$L:$L,ThongKe_GV!J$2)>0,"X","") | K33: =IF(COUNTIFS(TKB_HK2_Moi_Giang!$S:$S,ThongKe_GV!$C33,TKB_HK2_Moi_Giang!$K:$K,ThongKe_GV!K$1,TKB_HK2_Moi_Giang!$L:$L,ThongKe_GV!K$2)>0,"X","") | L33: =IF(COUNTIFS(TKB_HK2_Moi_Giang!$S:$S,ThongKe_GV!$C33,TKB_HK2_Moi_Giang!$K:$K,ThongKe_GV!L$1,TKB_HK2_Moi_Giang!$L:$L,ThongKe_GV!L$2)>0,"X","") | ... AB33: =IF(COUNTIFS(TKB_HK2_Moi_Giang!$S:$S,ThongKe_GV!$C33,TKB_HK2_Moi_Giang!$K:$K,ThongKe_GV!AB$1,TKB_HK2_Moi_Giang!$L:$L,ThongKe_GV!AB$2)>0,"X","")
A34: =IF(MID(B34,4,1)="Q","Quản trị",IF(MID(B34,4,1)="T","Thiết kế",IF(MID(B34,4,1)="N","Ngoại ngữ",IF(MID(B34,4,1)="C","Công nghệ",IF(MID(B34,4,1)="Y","Y dược",IF(MID(B34,4,1)="V","Văn hóa","")))))) -> Thiết kế | B34: TG-TK046 | C34: Trương Thị Quyên | D34: ktk.dohoa17.hcm@caodangvietmy.edu.vn | E34: =IF(COUNTIFS(TKB_HK2_Moi_Giang!$S:$S,ThongKe_GV!$C34,TKB_HK2_Moi_Giang!$K:$K,ThongKe_GV!E$1,TKB_HK2_Moi_Giang!$L:$L,ThongKe_GV!E$2)>0,"X","") | F34: =IF(COUNTIFS(TKB_HK2_Moi_Giang!$S:$S,ThongKe_GV!$C34,TKB_HK2_Moi_Giang!$K:$K,ThongKe_GV!F$1,TKB_HK2_Moi_Giang!$L:$L,ThongKe_GV!F$2)>0,"X","") | G34: =IF(COUNTIFS(TKB_HK2_Moi_Giang!$S:$S,ThongKe_GV!$C34,TKB_HK2_Moi_Giang!$K:$K,ThongKe_GV!G$1,TKB_HK2_Moi_Giang!$L:$L,ThongKe_GV!G$2)>0,"X","") | H34: =IF(COUNTIFS(TKB_HK2_Moi_Giang!$S:$S,ThongKe_GV!$C34,TKB_HK2_Moi_Giang!$K:$K,ThongKe_GV!H$1,TKB_HK2_Moi_Giang!$L:$L,ThongKe_GV!H$2)>0,"X","") | I34: =IF(COUNTIFS(TKB_HK2_Moi_Giang!$S:$S,ThongKe_GV!$C34,TKB_HK2_Moi_Giang!$K:$K,ThongKe_GV!I$1,TKB_HK2_Moi_Giang!$L:$L,ThongKe_GV!I$2)>0,"X","") | J34: =IF(COUNTIFS(TKB_HK2_Moi_Giang!$S:$S,ThongKe_GV!$C34,TKB_HK2_Moi_Giang!$K:$K,ThongKe_GV!J$1,TKB_HK2_Moi_Giang!$L:$L,ThongKe_GV!J$2)>0,"X","") | K34: =IF(COUNTIFS(TKB_HK2_Moi_Giang!$S:$S,ThongKe_GV!$C34,TKB_HK2_Moi_Giang!$K:$K,ThongKe_GV!K$1,TKB_HK2_Moi_Giang!$L:$L,ThongKe_GV!K$2)>0,"X","") | L34: =IF(COUNTIFS(TKB_HK2_Moi_Giang!$S:$S,ThongKe_GV!$C34,TKB_HK2_Moi_Giang!$K:$K,ThongKe_GV!L$1,TKB_HK2_Moi_Giang!$L:$L,ThongKe_GV!L$2)>0,"X","") | ... AB34: =IF(COUNTIFS(TKB_HK2_Moi_Giang!$S:$S,ThongKe_GV!$C34,TKB_HK2_Moi_Giang!$K:$K,ThongKe_GV!AB$1,TKB_HK2_Moi_Giang!$L:$L,ThongKe_GV!AB$2)>0,"X","")
A35: =IF(MID(B35,4,1)="Q","Quản trị",IF(MID(B35,4,1)="T","Thiết kế",IF(MID(B35,4,1)="N","Ngoại ngữ",IF(MID(B35,4,1)="C","Công nghệ",IF(MID(B35,4,1)="Y","Y dược",IF(MID(B35,4,1)="V","Văn hóa","")))))) -> Quản trị | B35: TG-QT-992 | C35: Hứa Trung Phúc | D35: huatrungphuc.hcm@caodangvietmy.edu.vn | E35: =IF(COUNTIFS(TKB_HK2_Moi_Giang!$S:$S,ThongKe_GV!$C35,TKB_HK2_Moi_Giang!$K:$K,ThongKe_GV!E$1,TKB_HK2_Moi_Giang!$L:$L,ThongKe_GV!E$2)>0,"X","") | F35: =IF(COUNTIFS(TKB_HK2_Moi_Giang!$S:$S,ThongKe_GV!$C35,TKB_HK2_Moi_Giang!$K:$K,ThongKe_GV!F$1,TKB_HK2_Moi_Giang!$L:$L,ThongKe_GV!F$2)>0,"X","") | G35: =IF(COUNTIFS(TKB_HK2_Moi_Giang!$S:$S,ThongKe_GV!$C35,TKB_HK2_Moi_Giang!$K:$K,ThongKe_GV!G$1,TKB_HK2_Moi_Giang!$L:$L,ThongKe_GV!G$2)>0,"X","") | H35: =IF(COUNTIFS(TKB_HK2_Moi_Giang!$S:$S,ThongKe_GV!$C35,TKB_HK2_Moi_Giang!$K:$K,ThongKe_GV!H$1,TKB_HK2_Moi_Giang!$L:$L,ThongKe_GV!H$2)>0,"X","") | I35: =IF(COUNTIFS(TKB_HK2_Moi_Giang!$S:$S,ThongKe_GV!$C35,TKB_HK2_Moi_Giang!$K:$K,ThongKe_GV!I$1,TKB_HK2_Moi_Giang!$L:$L,ThongKe_GV!I$2)>0,"X","") | J35: =IF(COUNTIFS(TKB_HK2_Moi_Giang!$S:$S,ThongKe_GV!$C35,TKB_HK2_Moi_Giang!$K:$K,ThongKe_GV!J$1,TKB_HK2_Moi_Giang!$L:$L,ThongKe_GV!J$2)>0,"X","") | K35: =IF(COUNTIFS(TKB_HK2_Moi_Giang!$S:$S,ThongKe_GV!$C35,TKB_HK2_Moi_Giang!$K:$K,ThongKe_GV!K$1,TKB_HK2_Moi_Giang!$L:$L,ThongKe_GV!K$2)>0,"X","") | L35: =IF(COUNTIFS(TKB_HK2_Moi_Giang!$S:$S,ThongKe_GV!$C35,TKB_HK2_Moi_Giang!$K:$K,ThongKe_GV!L$1,TKB_HK2_Moi_Giang!$L:$L,ThongKe_GV!L$2)>0,"X","") | ... AB35: =IF(COUNTIFS(TKB_HK2_Moi_Giang!$S:$S,ThongKe_GV!$C35,TKB_HK2_Moi_Giang!$K:$K,ThongKe_GV!AB$1,TKB_HK2_Moi_Giang!$L:$L,ThongKe_GV!AB$2)>0,"X","")
A36: =IF(MID(B36,4,1)="Q","Quản trị",IF(MID(B36,4,1)="T","Thiết kế",IF(MID(B36,4,1)="N","Ngoại ngữ",IF(MID(B36,4,1)="C","Công nghệ",IF(MID(B36,4,1)="Y","Y dược",IF(MID(B36,4,1)="V","Văn hóa","")))))) -> Quản trị | B36: TG-QT092 | C36: Hà Thị Phương Minh | D36: haphuongminh08@gmail.com | E36: =IF(COUNTIFS(TKB_HK2_Moi_Giang!$S:$S,ThongKe_GV!$C36,TKB_HK2_Moi_Giang!$K:$K,ThongKe_GV!E$1,TKB_HK2_Moi_Giang!$L:$L,ThongKe_GV!E$2)>0,"X","") | F36: =IF(COUNTIFS(TKB_HK2_Moi_Giang!$S:$S,ThongKe_GV!$C36,TKB_HK2_Moi_Giang!$K:$K,ThongKe_GV!F$1,TKB_HK2_Moi_Giang!$L:$L,ThongKe_GV!F$2)>0,"X","") | G36: =IF(COUNTIFS(TKB_HK2_Moi_Giang!$S:$S,ThongKe_GV!$C36,TKB_HK2_Moi_Giang!$K:$K,ThongKe_GV!G$1,TKB_HK2_Moi_Giang!$L:$L,ThongKe_GV!G$2)>0,"X","") | H36: =IF(COUNTIFS(TKB_HK2_Moi_Giang!$S:$S,ThongKe_GV!$C36,TKB_HK2_Moi_Giang!$K:$K,ThongKe_GV!H$1,TKB_HK2_Moi_Giang!$L:$L,ThongKe_GV!H$2)>0,"X","") | I36: =IF(COUNTIFS(TKB_HK2_Moi_Giang!$S:$S,ThongKe_GV!$C36,TKB_HK2_Moi_Giang!$K:$K,ThongKe_GV!I$1,TKB_HK2_Moi_Giang!$L:$L,ThongKe_GV!I$2)>0,"X","") | J36: =IF(COUNTIFS(TKB_HK2_Moi_Giang!$S:$S,ThongKe_GV!$C36,TKB_HK2_Moi_Giang!$K:$K,ThongKe_GV!J$1,TKB_HK2_Moi_Giang!$L:$L,ThongKe_GV!J$2)>0,"X","") | K36: =IF(COUNTIFS(TKB_HK2_Moi_Giang!$S:$S,ThongKe_GV!$C36,TKB_HK2_Moi_Giang!$K:$K,ThongKe_GV!K$1,TKB_HK2_Moi_Giang!$L:$L,ThongKe_GV!K$2)>0,"X","") | L36: =IF(COUNTIFS(TKB_HK2_Moi_Giang!$S:$S,ThongKe_GV!$C36,TKB_HK2_Moi_Giang!$K:$K,ThongKe_GV!L$1,TKB_HK2_Moi_Giang!$L:$L,ThongKe_GV!L$2)>0,"X","") | ... AB36: =IF(COUNTIFS(TKB_HK2_Moi_Giang!$S:$S,ThongKe_GV!$C36,TKB_HK2_Moi_Giang!$K:$K,ThongKe_GV!AB$1,TKB_HK2_Moi_Giang!$L:$L,ThongKe_GV!AB$2)>0,"X","")
A37: =IF(MID(B37,4,1)="Q","Quản trị",IF(MID(B37,4,1)="T","Thiết kế",IF(MID(B37,4,1)="N","Ngoại ngữ",IF(MID(B37,4,1)="C","Công nghệ",IF(MID(B37,4,1)="Y","Y dược",IF(MID(B37,4,1)="V","Văn hóa","")))))) -> Quản trị | B37: TG-QT084 | C37: Nguyễn Thị Dương | D37: duongnt1031986@gmail.com | E37: =IF(COUNTIFS(TKB_HK2_Moi_Giang!$S:$S,ThongKe_GV!$C37,TKB_HK2_Moi_Giang!$K:$K,ThongKe_GV!E$1,TKB_HK2_Moi_Giang!$L:$L,ThongKe_GV!E$2)>0,"X","") | F37: =IF(COUNTIFS(TKB_HK2_Moi_Giang!$S:$S,ThongKe_GV!$C37,TKB_HK2_Moi_Giang!$K:$K,ThongKe_GV!F$1,TKB_HK2_Moi_Giang!$L:$L,ThongKe_GV!F$2)>0,"X","") | G37: =IF(COUNTIFS(TKB_HK2_Moi_Giang!$S:$S,ThongKe_GV!$C37,TKB_HK2_Moi_Giang!$K:$K,ThongKe_GV!G$1,TKB_HK2_Moi_Giang!$L:$L,ThongKe_GV!G$2)>0,"X","") | H37: =IF(COUNTIFS(TKB_HK2_Moi_Giang!$S:$S,ThongKe_GV!$C37,TKB_HK2_Moi_Giang!$K:$K,ThongKe_GV!H$1,TKB_HK2_Moi_Giang!$L:$L,ThongKe_GV!H$2)>0,"X","") | I37: =IF(COUNTIFS(TKB_HK2_Moi_Giang!$S:$S,ThongKe_GV!$C37,TKB_HK2_Moi_Giang!$K:$K,ThongKe_GV!I$1,TKB_HK2_Moi_Giang!$L:$L,ThongKe_GV!I$2)>0,"X","") | J37: =IF(COUNTIFS(TKB_HK2_Moi_Giang!$S:$S,ThongKe_GV!$C37,TKB_HK2_Moi_Giang!$K:$K,ThongKe_GV!J$1,TKB_HK2_Moi_Giang!$L:$L,ThongKe_GV!J$2)>0,"X","") | K37: =IF(COUNTIFS(TKB_HK2_Moi_Giang!$S:$S,ThongKe_GV!$C37,TKB_HK2_Moi_Giang!$K:$K,ThongKe_GV!K$1,TKB_HK2_Moi_Giang!$L:$L,ThongKe_GV!K$2)>0,"X","") | L37: =IF(COUNTIFS(TKB_HK2_Moi_Giang!$S:$S,ThongKe_GV!$C37,TKB_HK2_Moi_Giang!$K:$K,ThongKe_GV!L$1,TKB_HK2_Moi_Giang!$L:$L,ThongKe_GV!L$2)>0,"X","") | ... AB37: =IF(COUNTIFS(TKB_HK2_Moi_Giang!$S:$S,ThongKe_GV!$C37,TKB_HK2_Moi_Giang!$K:$K,ThongKe_GV!AB$1,TKB_HK2_Moi_Giang!$L:$L,ThongKe_GV!AB$2)>0,"X","")
A38: =IF(MID(B38,4,1)="Q","Quản trị",IF(MID(B38,4,1)="T","Thiết kế",IF(MID(B38,4,1)="N","Ngoại ngữ",IF(MID(B38,4,1)="C","Công nghệ",IF(MID(B38,4,1)="Y","Y dược",IF(MID(B38,4,1)="V","Văn hóa","")))))) -> Y dược | B38: TG-YD06 | C38: Nguyễn Anh Tuấn | D38: huynhtuan9000@gmail.com | E38: =IF(COUNTIFS(TKB_HK2_Moi_Giang!$S:$S,ThongKe_GV!$C38,TKB_HK2_Moi_Giang!$K:$K,ThongKe_GV!E$1,TKB_HK2_Moi_Giang!$L:$L,ThongKe_GV!E$2)>0,"X","") | F38: =IF(COUNTIFS(TKB_HK2_Moi_Giang!$S:$S,ThongKe_GV!$C38,TKB_HK2_Moi_Giang!$K:$K,ThongKe_GV!F$1,TKB_HK2_Moi_Giang!$L:$L,ThongKe_GV!F$2)>0,"X","") | G38: =IF(COUNTIFS(TKB_HK2_Moi_Giang!$S:$S,ThongKe_GV!$C38,TKB_HK2_Moi_Giang!$K:$K,ThongKe_GV!G$1,TKB_HK2_Moi_Giang!$L:$L,ThongKe_GV!G$2)>0,"X","") | H38: =IF(COUNTIFS(TKB_HK2_Moi_Giang!$S:$S,ThongKe_GV!$C38,TKB_HK2_Moi_Giang!$K:$K,ThongKe_GV!H$1,TKB_HK2_Moi_Giang!$L:$L,ThongKe_GV!H$2)>0,"X","") | I38: =IF(COUNTIFS(TKB_HK2_Moi_Giang!$S:$S,ThongKe_GV!$C38,TKB_HK2_Moi_Giang!$K:$K,ThongKe_GV!I$1,TKB_HK2_Moi_Giang!$L:$L,ThongKe_GV!I$2)>0,"X","") | J38: =IF(COUNTIFS(TKB_HK2_Moi_Giang!$S:$S,ThongKe_GV!$C38,TKB_HK2_Moi_Giang!$K:$K,ThongKe_GV!J$1,TKB_HK2_Moi_Giang!$L:$L,ThongKe_GV!J$2)>0,"X","") -> X | K38: =IF(COUNTIFS(TKB_HK2_Moi_Giang!$S:$S,ThongKe_GV!$C38,TKB_HK2_Moi_Giang!$K:$K,ThongKe_GV!K$1,TKB_HK2_Moi_Giang!$L:$L,ThongKe_GV!K$2)>0,"X","") | L38: =IF(COUNTIFS(TKB_HK2_Moi_Giang!$S:$S,ThongKe_GV!$C38,TKB_HK2_Moi_Giang!$K:$K,ThongKe_GV!L$1,TKB_HK2_Moi_Giang!$L:$L,ThongKe_GV!L$2)>0,"X","") | ... AB38: =IF(COUNTIFS(TKB_HK2_Moi_Giang!$S:$S,ThongKe_GV!$C38,TKB_HK2_Moi_Giang!$K:$K,ThongKe_GV!AB$1,TKB_HK2_Moi_Giang!$L:$L,ThongKe_GV!AB$2)>0,"X","")
A39: =IF(MID(B39,4,1)="Q","Quản trị",IF(MID(B39,4,1)="T","Thiết kế",IF(MID(B39,4,1)="N","Ngoại ngữ",IF(MID(B39,4,1)="C","Công nghệ",IF(MID(B39,4,1)="Y","Y dược",IF(MID(B39,4,1)="V","Văn hóa","")))))) -> Ngoại ngữ | B39: TG-NN070 | C39: Trần Hoàng Nam | D39: hoang.namvibe@gmail.com | E39: =IF(COUNTIFS(TKB_HK2_Moi_Giang!$S:$S,ThongKe_GV!$C39,TKB_HK2_Moi_Giang!$K:$K,ThongKe_GV!E$1,TKB_HK2_Moi_Giang!$L:$L,ThongKe_GV!E$2)>0,"X","") -> X | F39: =IF(COUNTIFS(TKB_HK2_Moi_Giang!$S:$S,ThongKe_GV!$C39,TKB_HK2_Moi_Giang!$K:$K,ThongKe_GV!F$1,TKB_HK2_Moi_Giang!$L:$L,ThongKe_GV!F$2)>0,"X","") | G39: =IF(COUNTIFS(TKB_HK2_Moi_Giang!$S:$S,ThongKe_GV!$C39,TKB_HK2_Moi_Giang!$K:$K,ThongKe_GV!G$1,TKB_HK2_Moi_Giang!$L:$L,ThongKe_GV!G$2)>0,"X","") -> X | H39: =IF(COUNTIFS(TKB_HK2_Moi_Giang!$S:$S,ThongKe_GV!$C39,TKB_HK2_Moi_Giang!$K:$K,ThongKe_GV!H$1,TKB_HK2_Moi_Giang!$L:$L,ThongKe_GV!H$2)>0,"X","") | I39: =IF(COUNTIFS(TKB_HK2_Moi_Giang!$S:$S,ThongKe_GV!$C39,TKB_HK2_Moi_Giang!$K:$K,ThongKe_GV!I$1,TKB_HK2_Moi_Giang!$L:$L,ThongKe_GV!I$2)>0,"X","") | J39: =IF(COUNTIFS(TKB_HK2_Moi_Giang!$S:$S,ThongKe_GV!$C39,TKB_HK2_Moi_Giang!$K:$K,ThongKe_GV!J$1,TKB_HK2_Moi_Giang!$L:$L,ThongKe_GV!J$2)>0,"X","") | K39: =IF(COUNTIFS(TKB_HK2_Moi_Giang!$S:$S,ThongKe_GV!$C39,TKB_HK2_Moi_Giang!$K:$K,ThongKe_GV!K$1,TKB_HK2_Moi_Giang!$L:$L,ThongKe_GV!K$2)>0,"X","") | L39: =IF(COUNTIFS(TKB_HK2_Moi_Giang!$S:$S,ThongKe_GV!$C39,TKB_HK2_Moi_Giang!$K:$K,ThongKe_GV!L$1,TKB_HK2_Moi_Giang!$L:$L,ThongKe_GV!L$2)>0,"X","") | ... AB39: =IF(COUNTIFS(TKB_HK2_Moi_Giang!$S:$S,ThongKe_GV!$C39,TKB_HK2_Moi_Giang!$K:$K,ThongKe_GV!AB$1,TKB_HK2_Moi_Giang!$L:$L,ThongKe_GV!AB$2)>0,"X","")
A40: =IF(MID(B40,4,1)="Q","Quản trị",IF(MID(B40,4,1)="T","Thiết kế",IF(MID(B40,4,1)="N","Ngoại ngữ",IF(MID(B40,4,1)="C","Công nghệ",IF(MID(B40,4,1)="Y","Y dược",IF(MID(B40,4,1)="V","Văn hóa","")))))) -> Thiết kế | B40: TG-TA011 | C40: Nguyễn Thị Đoan Thư | D40: doanthu0607@yahoo.com | E40: =IF(COUNTIFS(TKB_HK2_Moi_Giang!$S:$S,ThongKe_GV!$C40,TKB_HK2_Moi_Giang!$K:$K,ThongKe_GV!E$1,TKB_HK2_Moi_Giang!$L:$L,ThongKe_GV!E$2)>0,"X","") | F40: =IF(COUNTIFS(TKB_HK2_Moi_Giang!$S:$S,ThongKe_GV!$C40,TKB_HK2_Moi_Giang!$K:$K,ThongKe_GV!F$1,TKB_HK2_Moi_Giang!$L:$L,ThongKe_GV!F$2)>0,"X","") | G40: =IF(COUNTIFS(TKB_HK2_Moi_Giang!$S:$S,ThongKe_GV!$C40,TKB_HK2_Moi_Giang!$K:$K,ThongKe_GV!G$1,TKB_HK2_Moi_Giang!$L:$L,ThongKe_GV!G$2)>0,"X","") | H40: =IF(COUNTIFS(TKB_HK2_Moi_Giang!$S:$S,ThongKe_GV!$C40,TKB_HK2_Moi_Giang!$K:$K,ThongKe_GV!H$1,TKB_HK2_Moi_Giang!$L:$L,ThongKe_GV!H$2)>0,"X","") | I40: =IF(COUNTIFS(TKB_HK2_Moi_Giang!$S:$S,ThongKe_GV!$C40,TKB_HK2_Moi_Giang!$K:$K,ThongKe_GV!I$1,TKB_HK2_Moi_Giang!$L:$L,ThongKe_GV!I$2)>0,"X","") | J40: =IF(COUNTIFS(TKB_HK2_Moi_Giang!$S:$S,ThongKe_GV!$C40,TKB_HK2_Moi_Giang!$K:$K,ThongKe_GV!J$1,TKB_HK2_Moi_Giang!$L:$L,ThongKe_GV!J$2)>0,"X","") | K40: =IF(COUNTIFS(TKB_HK2_Moi_Giang!$S:$S,ThongKe_GV!$C40,TKB_HK2_Moi_Giang!$K:$K,ThongKe_GV!K$1,TKB_HK2_Moi_Giang!$L:$L,ThongKe_GV!K$2)>0,"X","") | L40: =IF(COUNTIFS(TKB_HK2_Moi_Giang!$S:$S,ThongKe_GV!$C40,TKB_HK2_Moi_Giang!$K:$K,ThongKe_GV!L$1,TKB_HK2_Moi_Giang!$L:$L,ThongKe_GV!L$2)>0,"X","") | ... AB40: =IF(COUNTIFS(TKB_HK2_Moi_Giang!$S:$S,ThongKe_GV!$C40,TKB_HK2_Moi_Giang!$K:$K,ThongKe_GV!AB$1,TKB_HK2_Moi_Giang!$L:$L,ThongKe_GV!AB$2)>0,"X","")
... A45: =IF(MID(B45,4,1)="Q","Quản trị",IF(MID(B45,4,1)="T","Thiết kế",IF(MID(B45,4,1)="N","Ngoại ngữ",IF(MID(B45,4,1)="C","Công nghệ",IF(MID(B45,4,1)="Y","Y dược",IF(MID(B45,4,1)="V","Văn hóa","")))))) -> Quản trị | B45: TG-QT34 | C45: Trịnh Phương Dung | D45: dung.trinh@caodangvietmy.edu.vn | E45: =IF(COUNTIFS(TKB_HK2_Moi_Giang!$S:$S,ThongKe_GV!$C45,TKB_HK2_Moi_Giang!$K:$K,ThongKe_GV!E$1,TKB_HK2_Moi_Giang!$L:$L,ThongKe_GV!E$2)>0,"X","") | F45: =IF(COUNTIFS(TKB_HK2_Moi_Giang!$S:$S,ThongKe_GV!$C45,TKB_HK2_Moi_Giang!$K:$K,ThongKe_GV!F$1,TKB_HK2_Moi_Giang!$L:$L,ThongKe_GV!F$2)>0,"X","") | G45: =IF(COUNTIFS(TKB_HK2_Moi_Giang!$S:$S,ThongKe_GV!$C45,TKB_HK2_Moi_Giang!$K:$K,ThongKe_GV!G$1,TKB_HK2_Moi_Giang!$L:$L,ThongKe_GV!G$2)>0,"X","") | H45: =IF(COUNTIFS(TKB_HK2_Moi_Giang!$S:$S,ThongKe_GV!$C45,TKB_HK2_Moi_Giang!$K:$K,ThongKe_GV!H$1,TKB_HK2_Moi_Giang!$L:$L,ThongKe_GV!H$2)>0,"X","") | I45: =IF(COUNTIFS(TKB_HK2_Moi_Giang!$S:$S,ThongKe_GV!$C45,TKB_HK2_Moi_Giang!$K:$K,ThongKe_GV!I$1,TKB_HK2_Moi_Giang!$L:$L,ThongKe_GV!I$2)>0,"X","") | J45: =IF(COUNTIFS(TKB_HK2_Moi_Giang!$S:$S,ThongKe_GV!$C45,TKB_HK2_Moi_Giang!$K:$K,ThongKe_GV!J$1,TKB_HK2_Moi_Giang!$L:$L,ThongKe_GV!J$2)>0,"X","") | K45: =IF(COUNTIFS(TKB_HK2_Moi_Giang!$S:$S,ThongKe_GV!$C45,TKB_HK2_Moi_Giang!$K:$K,ThongKe_GV!K$1,TKB_HK2_Moi_Giang!$L:$L,ThongKe_GV!K$2)>0,"X","") | L45: =IF(COUNTIFS(TKB_HK2_Moi_Giang!$S:$S,ThongKe_GV!$C45,TKB_HK2_Moi_Giang!$K:$K,ThongKe_GV!L$1,TKB_HK2_Moi_Giang!$L:$L,ThongKe_GV!L$2)>0,"X","") | ... AB45: =IF(COUNTIFS(TKB_HK2_Moi_Giang!$S:$S,ThongKe_GV!$C45,TKB_HK2_Moi_Giang!$K:$K,ThongKe_GV!AB$1,TKB_HK2_Moi_Giang!$L:$L,ThongKe_GV!AB$2)>0,"X","")
A46: Quản trị | B46: TG-KQT081 | C46: Trịnh Thị Thương | D46: trinhthuongpro@gmail.com | E46: =IF(COUNTIFS(TKB_HK2_Moi_Giang!$S:$S,ThongKe_GV!$C46,TKB_HK2_Moi_Giang!$K:$K,ThongKe_GV!E$1,TKB_HK2_Moi_Giang!$L:$L,ThongKe_GV!E$2)>0,"X","") | F46: =IF(COUNTIFS(TKB_HK2_Moi_Giang!$S:$S,ThongKe_GV!$C46,TKB_HK2_Moi_Giang!$K:$K,ThongKe_GV!F$1,TKB_HK2_Moi_Giang!$L:$L,ThongKe_GV!F$2)>0,"X","") | G46: =IF(COUNTIFS(TKB_HK2_Moi_Giang!$S:$S,ThongKe_GV!$C46,TKB_HK2_Moi_Giang!$K:$K,ThongKe_GV!G$1,TKB_HK2_Moi_Giang!$L:$L,ThongKe_GV!G$2)>0,"X","") | H46: =IF(COUNTIFS(TKB_HK2_Moi_Giang!$S:$S,ThongKe_GV!$C46,TKB_HK2_Moi_Giang!$K:$K,ThongKe_GV!H$1,TKB_HK2_Moi_Giang!$L:$L,ThongKe_GV!H$2)>0,"X","") | I46: =IF(COUNTIFS(TKB_HK2_Moi_Giang!$S:$S,ThongKe_GV!$C46,TKB_HK2_Moi_Giang!$K:$K,ThongKe_GV!I$1,TKB_HK2_Moi_Giang!$L:$L,ThongKe_GV!I$2)>0,"X","") | J46: =IF(COUNTIFS(TKB_HK2_Moi_Giang!$S:$S,ThongKe_GV!$C46,TKB_HK2_Moi_Giang!$K:$K,ThongKe_GV!J$1,TKB_HK2_Moi_Giang!$L:$L,ThongKe_GV!J$2)>0,"X","") | K46: =IF(COUNTIFS(TKB_HK2_Moi_Giang!$S:$S,ThongKe_GV!$C46,TKB_HK2_Moi_Giang!$K:$K,ThongKe_GV!K$1,TKB_HK2_Moi_Giang!$L:$L,ThongKe_GV!K$2)>0,"X","") | L46: =IF(COUNTIFS(TKB_HK2_Moi_Giang!$S:$S,ThongKe_GV!$C46,TKB_HK2_Moi_Giang!$K:$K,ThongKe_GV!L$1,TKB_HK2_Moi_Giang!$L:$L,ThongKe_GV!L$2)>0,"X","") | ... AB46: =IF(COUNTIFS(TKB_HK2_Moi_Giang!$S:$S,ThongKe_GV!$C46,TKB_HK2_Moi_Giang!$K:$K,ThongKe_GV!AB$1,TKB_HK2_Moi_Giang!$L:$L,ThongKe_GV!AB$2)>0,"X","")
A47: =IF(MID(B47,4,1)="Q","Quản trị",IF(MID(B47,4,1)="T","Thiết kế",IF(MID(B47,4,1)="N","Ngoại ngữ",IF(MID(B47,4,1)="C","Công nghệ",IF(MID(B47,4,1)="Y","Y dược",IF(MID(B47,4,1)="V","Văn hóa","")))))) -> Ngoại ngữ | B47: TG-NN022 | C47: Bùi Thúy Hiền | D47: thuyhien0716@gmail.com | E47: =IF(COUNTIFS(TKB_HK2_Moi_Giang!$S:$S,ThongKe_GV!$C47,TKB_HK2_Moi_Giang!$K:$K,ThongKe_GV!E$1,TKB_HK2_Moi_Giang!$L:$L,ThongKe_GV!E$2)>0,"X","") | F47: =IF(COUNTIFS(TKB_HK2_Moi_Giang!$S:$S,ThongKe_GV!$C47,TKB_HK2_Moi_Giang!$K:$K,ThongKe_GV!F$1,TKB_HK2_Moi_Giang!$L:$L,ThongKe_GV!F$2)>0,"X","") | G47: =IF(COUNTIFS(TKB_HK2_Moi_Giang!$S:$S,ThongKe_GV!$C47,TKB_HK2_Moi_Giang!$K:$K,ThongKe_GV!G$1,TKB_HK2_Moi_Giang!$L:$L,ThongKe_GV!G$2)>0,"X","") | H47: =IF(COUNTIFS(TKB_HK2_Moi_Giang!$S:$S,ThongKe_GV!$C47,TKB_HK2_Moi_Giang!$K:$K,ThongKe_GV!H$1,TKB_HK2_Moi_Giang!$L:$L,ThongKe_GV!H$2)>0,"X","") | I47: =IF(COUNTIFS(TKB_HK2_Moi_Giang!$S:$S,ThongKe_GV!$C47,TKB_HK2_Moi_Giang!$K:$K,ThongKe_GV!I$1,TKB_HK2_Moi_Giang!$L:$L,ThongKe_GV!I$2)>0,"X","") | J47: =IF(COUNTIFS(TKB_HK2_Moi_Giang!$S:$S,ThongKe_GV!$C47,TKB_HK2_Moi_Giang!$K:$K,ThongKe_GV!J$1,TKB_HK2_Moi_Giang!$L:$L,ThongKe_GV!J$2)>0,"X","") | K47: =IF(COUNTIFS(TKB_HK2_Moi_Giang!$S:$S,ThongKe_GV!$C47,TKB_HK2_Moi_Giang!$K:$K,ThongKe_GV!K$1,TKB_HK2_Moi_Giang!$L:$L,ThongKe_GV!K$2)>0,"X","") | L47: =IF(COUNTIFS(TKB_HK2_Moi_Giang!$S:$S,ThongKe_GV!$C47,TKB_HK2_Moi_Giang!$K:$K,ThongKe_GV!L$1,TKB_HK2_Moi_Giang!$L:$L,ThongKe_GV!L$2)>0,"X","") | ... AB47: =IF(COUNTIFS(TKB_HK2_Moi_Giang!$S:$S,ThongKe_GV!$C47,TKB_HK2_Moi_Giang!$K:$K,ThongKe_GV!AB$1,TKB_HK2_Moi_Giang!$L:$L,ThongKe_GV!AB$2)>0,"X","")
A48: =IF(MID(B48,4,1)="Q","Quản trị",IF(MID(B48,4,1)="T","Thiết kế",IF(MID(B48,4,1)="N","Ngoại ngữ",IF(MID(B48,4,1)="C","Công nghệ",IF(MID(B48,4,1)="Y","Y dược",IF(MID(B48,4,1)="V","Văn hóa","")))))) -> Quản trị | B48: TG-QT094 | C48: Châu Đoàn Mỹ Thủy | D48: mt.960901@gmail.com | E48: =IF(COUNTIFS(TKB_HK2_Moi_Giang!$S:$S,ThongKe_GV!$C48,TKB_HK2_Moi_Giang!$K:$K,ThongKe_GV!E$1,TKB_HK2_Moi_Giang!$L:$L,ThongKe_GV!E$2)>0,"X","") | F48: =IF(COUNTIFS(TKB_HK2_Moi_Giang!$S:$S,ThongKe_GV!$C48,TKB_HK2_Moi_Giang!$K:$K,ThongKe_GV!F$1,TKB_HK2_Moi_Giang!$L:$L,ThongKe_GV!F$2)>0,"X","") | G48: =IF(COUNTIFS(TKB_HK2_Moi_Giang!$S:$S,ThongKe_GV!$C48,TKB_HK2_Moi_Giang!$K:$K,ThongKe_GV!G$1,TKB_HK2_Moi_Giang!$L:$L,ThongKe_GV!G$2)>0,"X","") | H48: =IF(COUNTIFS(TKB_HK2_Moi_Giang!$S:$S,ThongKe_GV!$C48,TKB_HK2_Moi_Giang!$K:$K,ThongKe_GV!H$1,TKB_HK2_Moi_Giang!$L:$L,ThongKe_GV!H$2)>0,"X","") | I48: =IF(COUNTIFS(TKB_HK2_Moi_Giang!$S:$S,ThongKe_GV!$C48,TKB_HK2_Moi_Giang!$K:$K,ThongKe_GV!I$1,TKB_HK2_Moi_Giang!$L:$L,ThongKe_GV!I$2)>0,"X","") | J48: =IF(COUNTIFS(TKB_HK2_Moi_Giang!$S:$S,ThongKe_GV!$C48,TKB_HK2_Moi_Giang!$K:$K,ThongKe_GV!J$1,TKB_HK2_Moi_Giang!$L:$L,ThongKe_GV!J$2)>0,"X","") | K48: =IF(COUNTIFS(TKB_HK2_Moi_Giang!$S:$S,ThongKe_GV!$C48,TKB_HK2_Moi_Giang!$K:$K,ThongKe_GV!K$1,TKB_HK2_Moi_Giang!$L:$L,ThongKe_GV!K$2)>0,"X","") | L48: =IF(COUNTIFS(TKB_HK2_Moi_Giang!$S:$S,ThongKe_GV!$C48,TKB_HK2_Moi_Giang!$K:$K,ThongKe_GV!L$1,TKB_HK2_Moi_Giang!$L:$L,ThongKe_GV!L$2)>0,"X","") | ... AB48: =IF(COUNTIFS(TKB_HK2_Moi_Giang!$S:$S,ThongKe_GV!$C48,TKB_HK2_Moi_Giang!$K:$K,ThongKe_GV!AB$1,TKB_HK2_Moi_Giang!$L:$L,ThongKe_GV!AB$2)>0,"X","")
A49: =IF(MID(B49,4,1)="Q","Quản trị",IF(MID(B49,4,1)="T","Thiết kế",IF(MID(B49,4,1)="N","Ngoại ngữ",IF(MID(B49,4,1)="C","Công nghệ",IF(MID(B49,4,1)="Y","Y dược",IF(MID(B49,4,1)="V","Văn hóa","")))))) -> Thiết kế | B49: TG-TK100 | C49: Lê Tuấn Kiên | D49: tuankien1999@gmail.com | E49: =IF(COUNTIFS(TKB_HK2_Moi_Giang!$S:$S,ThongKe_GV!$C49,TKB_HK2_Moi_Giang!$K:$K,ThongKe_GV!E$1,TKB_HK2_Moi_Giang!$L:$L,ThongKe_GV!E$2)>0,"X","") | F49: =IF(COUNTIFS(TKB_HK2_Moi_Giang!$S:$S,ThongKe_GV!$C49,TKB_HK2_Moi_Giang!$K:$K,ThongKe_GV!F$1,TKB_HK2_Moi_Giang!$L:$L,ThongKe_GV!F$2)>0,"X","") | G49: =IF(COUNTIFS(TKB_HK2_Moi_Giang!$S:$S,ThongKe_GV!$C49,TKB_HK2_Moi_Giang!$K:$K,ThongKe_GV!G$1,TKB_HK2_Moi_Giang!$L:$L,ThongKe_GV!G$2)>0,"X","") | H49: =IF(COUNTIFS(TKB_HK2_Moi_Giang!$S:$S,ThongKe_GV!$C49,TKB_HK2_Moi_Giang!$K:$K,ThongKe_GV!H$1,TKB_HK2_Moi_Giang!$L:$L,ThongKe_GV!H$2)>0,"X","") | I49: =IF(COUNTIFS(TKB_HK2_Moi_Giang!$S:$S,ThongKe_GV!$C49,TKB_HK2_Moi_Giang!$K:$K,ThongKe_GV!I$1,TKB_HK2_Moi_Giang!$L:$L,ThongKe_GV!I$2)>0,"X","") | J49: =IF(COUNTIFS(TKB_HK2_Moi_Giang!$S:$S,ThongKe_GV!$C49,TKB_HK2_Moi_Giang!$K:$K,ThongKe_GV!J$1,TKB_HK2_Moi_Giang!$L:$L,ThongKe_GV!J$2)>0,"X","") | K49: =IF(COUNTIFS(TKB_HK2_Moi_Giang!$S:$S,ThongKe_GV!$C49,TKB_HK2_Moi_Giang!$K:$K,ThongKe_GV!K$1,TKB_HK2_Moi_Giang!$L:$L,ThongKe_GV!K$2)>0,"X","") | L49: =IF(COUNTIFS(TKB_HK2_Moi_Giang!$S:$S,ThongKe_GV!$C49,TKB_HK2_Moi_Giang!$K:$K,ThongKe_GV!L$1,TKB_HK2_Moi_Giang!$L:$L,ThongKe_GV!L$2)>0,"X","") | ... AB49: =IF(COUNTIFS(TKB_HK2_Moi_Giang!$S:$S,ThongKe_GV!$C49,TKB_HK2_Moi_Giang!$K:$K,ThongKe_GV!AB$1,TKB_HK2_Moi_Giang!$L:$L,ThongKe_GV!AB$2)>0,"X","")
A50: =IF(MID(B50,4,1)="Q","Quản trị",IF(MID(B50,4,1)="T","Thiết kế",IF(MID(B50,4,1)="N","Ngoại ngữ",IF(MID(B50,4,1)="C","Công nghệ",IF(MID(B50,4,1)="Y","Y dược",IF(MID(B50,4,1)="V","Văn hóa","")))))) -> Y dược | B50: CH-YD07 | C50: Nguyễn Quốc Huy | D50: huy.nguyen@caodangvietmy.edu.vn | E50: =IF(COUNTIFS(TKB_HK2_Moi_Giang!$S:$S,ThongKe_GV!$C50,TKB_HK2_Moi_Giang!$K:$K,ThongKe_GV!E$1,TKB_HK2_Moi_Giang!$L:$L,ThongKe_GV!E$2)>0,"X","") | F50: =IF(COUNTIFS(TKB_HK2_Moi_Giang!$S:$S,ThongKe_GV!$C50,TKB_HK2_Moi_Giang!$K:$K,ThongKe_GV!F$1,TKB_HK2_Moi_Giang!$L:$L,ThongKe_GV!F$2)>0,"X","") | G50: =IF(COUNTIFS(TKB_HK2_Moi_Giang!$S:$S,ThongKe_GV!$C50,TKB_HK2_Moi_Giang!$K:$K,ThongKe_GV!G$1,TKB_HK2_Moi_Giang!$L:$L,ThongKe_GV!G$2)>0,"X","") | H50: =IF(COUNTIFS(TKB_HK2_Moi_Giang!$S:$S,ThongKe_GV!$C50,TKB_HK2_Moi_Giang!$K:$K,ThongKe_GV!H$1,TKB_HK2_Moi_Giang!$L:$L,ThongKe_GV!H$2)>0,"X","") -> X | I50: =IF(COUNTIFS(TKB_HK2_Moi_Giang!$S:$S,ThongKe_GV!$C50,TKB_HK2_Moi_Giang!$K:$K,ThongKe_GV!I$1,TKB_HK2_Moi_Giang!$L:$L,ThongKe_GV!I$2)>0,"X","") | J50: =IF(COUNTIFS(TKB_HK2_Moi_Giang!$S:$S,ThongKe_GV!$C50,TKB_HK2_Moi_Giang!$K:$K,ThongKe_GV!J$1,TKB_HK2_Moi_Giang!$L:$L,ThongKe_GV!J$2)>0,"X","") | K50: =IF(COUNTIFS(TKB_HK2_Moi_Giang!$S:$S,ThongKe_GV!$C50,TKB_HK2_Moi_Giang!$K:$K,ThongKe_GV!K$1,TKB_HK2_Moi_Giang!$L:$L,ThongKe_GV!K$2)>0,"X","") | L50: =IF(COUNTIFS(TKB_HK2_Moi_Giang!$S:$S,ThongKe_GV!$C50,TKB_HK2_Moi_Giang!$K:$K,ThongKe_GV!L$1,TKB_HK2_Moi_Giang!$L:$L,ThongKe_GV!L$2)>0,"X","") | ... AB50: =IF(COUNTIFS(TKB_HK2_Moi_Giang!$S:$S,ThongKe_GV!$C50,TKB_HK2_Moi_Giang!$K:$K,ThongKe_GV!AB$1,TKB_HK2_Moi_Giang!$L:$L,ThongKe_GV!AB$2)>0,"X","")
A51: =IF(MID(B51,4,1)="Q","Quản trị",IF(MID(B51,4,1)="T","Thiết kế",IF(MID(B51,4,1)="N","Ngoại ngữ",IF(MID(B51,4,1)="C","Công nghệ",IF(MID(B51,4,1)="Y","Y dược",IF(MID(B51,4,1)="V","Văn hóa","")))))) | B51: TG-BTEC040 | C51: Võ Thị Thu Hằng | D51: hang.vo@caodangvietmy.edu.vn | E51: =IF(COUNTIFS(TKB_HK2_Moi_Giang!$S:$S,ThongKe_GV!$C51,TKB_HK2_Moi_Giang!$K:$K,ThongKe_GV!E$1,TKB_HK2_Moi_Giang!$L:$L,ThongKe_GV!E$2)>0,"X","") | F51: =IF(COUNTIFS(TKB_HK2_Moi_Giang!$S:$S,ThongKe_GV!$C51,TKB_HK2_Moi_Giang!$K:$K,ThongKe_GV!F$1,TKB_HK2_Moi_Giang!$L:$L,ThongKe_GV!F$2)>0,"X","") | G51: =IF(COUNTIFS(TKB_HK2_Moi_Giang!$S:$S,ThongKe_GV!$C51,TKB_HK2_Moi_Giang!$K:$K,ThongKe_GV!G$1,TKB_HK2_Moi_Giang!$L:$L,ThongKe_GV!G$2)>0,"X","") | H51: =IF(COUNTIFS(TKB_HK2_Moi_Giang!$S:$S,ThongKe_GV!$C51,TKB_HK2_Moi_Giang!$K:$K,ThongKe_GV!H$1,TKB_HK2_Moi_Giang!$L:$L,ThongKe_GV!H$2)>0,"X","") | I51: =IF(COUNTIFS(TKB_HK2_Moi_Giang!$S:$S,ThongKe_GV!$C51,TKB_HK2_Moi_Giang!$K:$K,ThongKe_GV!I$1,TKB_HK2_Moi_Giang!$L:$L,ThongKe_GV!I$2)>0,"X","") | J51: =IF(COUNTIFS(TKB_HK2_Moi_Giang!$S:$S,ThongKe_GV!$C51,TKB_HK2_Moi_Giang!$K:$K,ThongKe_GV!J$1,TKB_HK2_Moi_Giang!$L:$L,ThongKe_GV!J$2)>0,"X","") | K51: =IF(COUNTIFS(TKB_HK2_Moi_Giang!$S:$S,ThongKe_GV!$C51,TKB_HK2_Moi_Giang!$K:$K,ThongKe_GV!K$1,TKB_HK2_Moi_Giang!$L:$L,ThongKe_GV!K$2)>0,"X","") | L51: =IF(COUNTIFS(TKB_HK2_Moi_Giang!$S:$S,ThongKe_GV!$C51,TKB_HK2_Moi_Giang!$K:$K,ThongKe_GV!L$1,TKB_HK2_Moi_Giang!$L:$L,ThongKe_GV!L$2)>0,"X","") | ... AB51: =IF(COUNTIFS(TKB_HK2_Moi_Giang!$S:$S,ThongKe_GV!$C51,TKB_HK2_Moi_Giang!$K:$K,ThongKe_GV!AB$1,TKB_HK2_Moi_Giang!$L:$L,ThongKe_GV!AB$2)>0,"X","")
A52: Quản trị | B52: TG-KQT094 | C52: Phan Nhật Trường | D52: nhattruongp@gmail.com | E52: =IF(COUNTIFS(TKB_HK2_Moi_Giang!$S:$S,ThongKe_GV!$C52,TKB_HK2_Moi_Giang!$K:$K,ThongKe_GV!E$1,TKB_HK2_Moi_Giang!$L:$L,ThongKe_GV!E$2)>0,"X","") | F52: =IF(COUNTIFS(TKB_HK2_Moi_Giang!$S:$S,ThongKe_GV!$C52,TKB_HK2_Moi_Giang!$K:$K,ThongKe_GV!F$1,TKB_HK2_Moi_Giang!$L:$L,ThongKe_GV!F$2)>0,"X","") | G52: =IF(COUNTIFS(TKB_HK2_Moi_Giang!$S:$S,ThongKe_GV!$C52,TKB_HK2_Moi_Giang!$K:$K,ThongKe_GV!G$1,TKB_HK2_Moi_Giang!$L:$L,ThongKe_GV!G$2)>0,"X","") | H52: =IF(COUNTIFS(TKB_HK2_Moi_Giang!$S:$S,ThongKe_GV!$C52,TKB_HK2_Moi_Giang!$K:$K,ThongKe_GV!H$1,TKB_HK2_Moi_Giang!$L:$L,ThongKe_GV!H$2)>0,"X","") | I52: =IF(COUNTIFS(TKB_HK2_Moi_Giang!$S:$S,ThongKe_GV!$C52,TKB_HK2_Moi_Giang!$K:$K,ThongKe_GV!I$1,TKB_HK2_Moi_Giang!$L:$L,ThongKe_GV!I$2)>0,"X","") | J52: =IF(COUNTIFS(TKB_HK2_Moi_Giang!$S:$S,ThongKe_GV!$C52,TKB_HK2_Moi_Giang!$K:$K,ThongKe_GV!J$1,TKB_HK2_Moi_Giang!$L:$L,ThongKe_GV!J$2)>0,"X","") | K52: =IF(COUNTIFS(TKB_HK2_Moi_Giang!$S:$S,ThongKe_GV!$C52,TKB_HK2_Moi_Giang!$K:$K,ThongKe_GV!K$1,TKB_HK2_Moi_Giang!$L:$L,ThongKe_GV!K$2)>0,"X","") | L52: =IF(COUNTIFS(TKB_HK2_Moi_Giang!$S:$S,ThongKe_GV!$C52,TKB_HK2_Moi_Giang!$K:$K,ThongKe_GV!L$1,TKB_HK2_Moi_Giang!$L:$L,ThongKe_GV!L$2)>0,"X","") | ... AB52: =IF(COUNTIFS(TKB_HK2_Moi_Giang!$S:$S,ThongKe_GV!$C52,TKB_HK2_Moi_Giang!$K:$K,ThongKe_GV!AB$1,TKB_HK2_Moi_Giang!$L:$L,ThongKe_GV!AB$2)>0,"X","")
A53: =IF(MID(B53,4,1)="Q","Quản trị",IF(MID(B53,4,1)="T","Thiết kế",IF(MID(B53,4,1)="N","Ngoại ngữ",IF(MID(B53,4,1)="C","Công nghệ",IF(MID(B53,4,1)="Y","Y dược",IF(MID(B53,4,1)="V","Văn hóa","")))))) -> Thiết kế | B53: TG-TA38 | C53: Bùi Thị Thu Trang | D53: buithithutrang2002@yahoo.com | E53: =IF(COUNTIFS(TKB_HK2_Moi_Giang!$S:$S,ThongKe_GV!$C53,TKB_HK2_Moi_Giang!$K:$K,ThongKe_GV!E$1,TKB_HK2_Moi_Giang!$L:$L,ThongKe_GV!E$2)>0,"X","") | F53: =IF(COUNTIFS(TKB_HK2_Moi_Giang!$S:$S,ThongKe_GV!$C53,TKB_HK2_Moi_Giang!$K:$K,ThongKe_GV!F$1,TKB_HK2_Moi_Giang!$L:$L,ThongKe_GV!F$2)>0,"X","") | G53: =IF(COUNTIFS(TKB_HK2_Moi_Giang!$S:$S,ThongKe_GV!$C53,TKB_HK2_Moi_Giang!$K:$K,ThongKe_GV!G$1,TKB_HK2_Moi_Giang!$L:$L,ThongKe_GV!G$2)>0,"X","") | H53: =IF(COUNTIFS(TKB_HK2_Moi_Giang!$S:$S,ThongKe_GV!$C53,TKB_HK2_Moi_Giang!$K:$K,ThongKe_GV!H$1,TKB_HK2_Moi_Giang!$L:$L,ThongKe_GV!H$2)>0,"X","") | I53: =IF(COUNTIFS(TKB_HK2_Moi_Giang!$S:$S,ThongKe_GV!$C53,TKB_HK2_Moi_Giang!$K:$K,ThongKe_GV!I$1,TKB_HK2_Moi_Giang!$L:$L,ThongKe_GV!I$2)>0,"X","") | J53: =IF(COUNTIFS(TKB_HK2_Moi_Giang!$S:$S,ThongKe_GV!$C53,TKB_HK2_Moi_Giang!$K:$K,ThongKe_GV!J$1,TKB_HK2_Moi_Giang!$L:$L,ThongKe_GV!J$2)>0,"X","") | K53: =IF(COUNTIFS(TKB_HK2_Moi_Giang!$S:$S,ThongKe_GV!$C53,TKB_HK2_Moi_Giang!$K:$K,ThongKe_GV!K$1,TKB_HK2_Moi_Giang!$L:$L,ThongKe_GV!K$2)>0,"X","") | L53: =IF(COUNTIFS(TKB_HK2_Moi_Giang!$S:$S,ThongKe_GV!$C53,TKB_HK2_Moi_Giang!$K:$K,ThongKe_GV!L$1,TKB_HK2_Moi_Giang!$L:$L,ThongKe_GV!L$2)>0,"X","") | ... AB53: =IF(COUNTIFS(TKB_HK2_Moi_Giang!$S:$S,ThongKe_GV!$C53,TKB_HK2_Moi_Giang!$K:$K,ThongKe_GV!AB$1,TKB_HK2_Moi_Giang!$L:$L,ThongKe_GV!AB$2)>0,"X","")
A54: =IF(MID(B54,4,1)="Q","Quản trị",IF(MID(B54,4,1)="T","Thiết kế",IF(MID(B54,4,1)="N","Ngoại ngữ",IF(MID(B54,4,1)="C","Công nghệ",IF(MID(B54,4,1)="Y","Y dược",IF(MID(B54,4,1)="V","Văn hóa","")))))) -> Quản trị | B54: TG-QT081 | C54: Mai Tấn Thành | D54: tanthanhmai0618@gmail.com | E54: =IF(COUNTIFS(TKB_HK2_Moi_Giang!$S:$S,ThongKe_GV!$C54,TKB_HK2_Moi_Giang!$K:$K,ThongKe_GV!E$1,TKB_HK2_Moi_Giang!$L:$L,ThongKe_GV!E$2)>0,"X","") | F54: =IF(COUNTIFS(TKB_HK2_Moi_Giang!$S:$S,ThongKe_GV!$C54,TKB_HK2_Moi_Giang!$K:$K,ThongKe_GV!F$1,TKB_HK2_Moi_Giang!$L:$L,ThongKe_GV!F$2)>0,"X","") | G54: =IF(COUNTIFS(TKB_HK2_Moi_Giang!$S:$S,ThongKe_GV!$C54,TKB_HK2_Moi_Giang!$K:$K,ThongKe_GV!G$1,TKB_HK2_Moi_Giang!$L:$L,ThongKe_GV!G$2)>0,"X","") | H54: =IF(COUNTIFS(TKB_HK2_Moi_Giang!$S:$S,ThongKe_GV!$C54,TKB_HK2_Moi_Giang!$K:$K,ThongKe_GV!H$1,TKB_HK2_Moi_Giang!$L:$L,ThongKe_GV!H$2)>0,"X","") | I54: =IF(COUNTIFS(TKB_HK2_Moi_Giang!$S:$S,ThongKe_GV!$C54,TKB_HK2_Moi_Giang!$K:$K,ThongKe_GV!I$1,TKB_HK2_Moi_Giang!$L:$L,ThongKe_GV!I$2)>0,"X","") | J54: =IF(COUNTIFS(TKB_HK2_Moi_Giang!$S:$S,ThongKe_GV!$C54,TKB_HK2_Moi_Giang!$K:$K,ThongKe_GV!J$1,TKB_HK2_Moi_Giang!$L:$L,ThongKe_GV!J$2)>0,"X","") | K54: =IF(COUNTIFS(TKB_HK2_Moi_Giang!$S:$S,ThongKe_GV!$C54,TKB_HK2_Moi_Giang!$K:$K,ThongKe_GV!K$1,TKB_HK2_Moi_Giang!$L:$L,ThongKe_GV!K$2)>0,"X","") | L54: =IF(COUNTIFS(TKB_HK2_Moi_Giang!$S:$S,ThongKe_GV!$C54,TKB_HK2_Moi_Giang!$K:$K,ThongKe_GV!L$1,TKB_HK2_Moi_Giang!$L:$L,ThongKe_GV!L$2)>0,"X","") | ... AB54: =IF(COUNTIFS(TKB_HK2_Moi_Giang!$S:$S,ThongKe_GV!$C54,TKB_HK2_Moi_Giang!$K:$K,ThongKe_GV!AB$1,TKB_HK2_Moi_Giang!$L:$L,ThongKe_GV!AB$2)>0,"X","")
A55: =IF(MID(B55,4,1)="Q","Quản trị",IF(MID(B55,4,1)="T","Thiết kế",IF(MID(B55,4,1)="N","Ngoại ngữ",IF(MID(B55,4,1)="C","Công nghệ",IF(MID(B55,4,1)="Y","Y dược",IF(MID(B55,4,1)="V","Văn hóa","")))))) -> Ngoại ngữ | B55: TG-NN100 | C55: Trương Thị Lê | D55: truongle.fm@gmail.com | E55: =IF(COUNTIFS(TKB_HK2_Moi_Giang!$S:$S,ThongKe_GV!$C55,TKB_HK2_Moi_Giang!$K:$K,ThongKe_GV!E$1,TKB_HK2_Moi_Giang!$L:$L,ThongKe_GV!E$2)>0,"X","") -> X | F55: =IF(COUNTIFS(TKB_HK2_Moi_Giang!$S:$S,ThongKe_GV!$C55,TKB_HK2_Moi_Giang!$K:$K,ThongKe_GV!F$1,TKB_HK2_Moi_Giang!$L:$L,ThongKe_GV!F$2)>0,"X","") | G55: =IF(COUNTIFS(TKB_HK2_Moi_Giang!$S:$S,ThongKe_GV!$C55,TKB_HK2_Moi_Giang!$K:$K,ThongKe_GV!G$1,TKB_HK2_Moi_Giang!$L:$L,ThongKe_GV!G$2)>0,"X","") | H55: =IF(COUNTIFS(TKB_HK2_Moi_Giang!$S:$S,ThongKe_GV!$C55,TKB_HK2_Moi_Giang!$K:$K,ThongKe_GV!H$1,TKB_HK2_Moi_Giang!$L:$L,ThongKe_GV!H$2)>0,"X","") | I55: =IF(COUNTIFS(TKB_HK2_Moi_Giang!$S:$S,ThongKe_GV!$C55,TKB_HK2_Moi_Giang!$K:$K,ThongKe_GV!I$1,TKB_HK2_Moi_Giang!$L:$L,ThongKe_GV!I$2)>0,"X","") | J55: =IF(COUNTIFS(TKB_HK2_Moi_Giang!$S:$S,ThongKe_GV!$C55,TKB_HK2_Moi_Giang!$K:$K,ThongKe_GV!J$1,TKB_HK2_Moi_Giang!$L:$L,ThongKe_GV!J$2)>0,"X","") -> X | K55: =IF(COUNTIFS(TKB_HK2_Moi_Giang!$S:$S,ThongKe_GV!$C55,TKB_HK2_Moi_Giang!$K:$K,ThongKe_GV!K$1,TKB_HK2_Moi_Giang!$L:$L,ThongKe_GV!K$2)>0,"X","") | L55: =IF(COUNTIFS(TKB_HK2_Moi_Giang!$S:$S,ThongKe_GV!$C55,TKB_HK2_Moi_Giang!$K:$K,ThongKe_GV!L$1,TKB_HK2_Moi_Giang!$L:$L,ThongKe_GV!L$2)>0,"X","") | ... AB55: =IF(COUNTIFS(TKB_HK2_Moi_Giang!$S:$S,ThongKe_GV!$C55,TKB_HK2_Moi_Giang!$K:$K,ThongKe_GV!AB$1,TKB_HK2_Moi_Giang!$L:$L,ThongKe_GV!AB$2)>0,"X","")
A56: =IF(MID(B56,4,1)="Q","Quản trị",IF(MID(B56,4,1)="T","Thiết kế",IF(MID(B56,4,1)="N","Ngoại ngữ",IF(MID(B56,4,1)="C","Công nghệ",IF(MID(B56,4,1)="Y","Y dược",IF(MID(B56,4,1)="V","Văn hóa","")))))) -> Thiết kế | B56: TG-TK087 | C56: Trần Hồng Thúy | D56: tranhongthuy1512@gmail.com | E56: =IF(COUNTIFS(TKB_HK2_Moi_Giang!$S:$S,ThongKe_GV!$C56,TKB_HK2_Moi_Giang!$K:$K,ThongKe_GV!E$1,TKB_HK2_Moi_Giang!$L:$L,ThongKe_GV!E$2)>0,"X","") | F56: =IF(COUNTIFS(TKB_HK2_Moi_Giang!$S:$S,ThongKe_GV!$C56,TKB_HK2_Moi_Giang!$K:$K,ThongKe_GV!F$1,TKB_HK2_Moi_Giang!$L:$L,ThongKe_GV!F$2)>0,"X","") | G56: =IF(COUNTIFS(TKB_HK2_Moi_Giang!$S:$S,ThongKe_GV!$C56,TKB_HK2_Moi_Giang!$K:$K,ThongKe_GV!G$1,TKB_HK2_Moi_Giang!$L:$L,ThongKe_GV!G$2)>0,"X","") | H56: =IF(COUNTIFS(TKB_HK2_Moi_Giang!$S:$S,ThongKe_GV!$C56,TKB_HK2_Moi_Giang!$K:$K,ThongKe_GV!H$1,TKB_HK2_Moi_Giang!$L:$L,ThongKe_GV!H$2)>0,"X","") | I56: =IF(COUNTIFS(TKB_HK2_Moi_Giang!$S:$S,ThongKe_GV!$C56,TKB_HK2_Moi_Giang!$K:$K,ThongKe_GV!I$1,TKB_HK2_Moi_Giang!$L:$L,ThongKe_GV!I$2)>0,"X","") | J56: =IF(COUNTIFS(TKB_HK2_Moi_Giang!$S:$S,ThongKe_GV!$C56,TKB_HK2_Moi_Giang!$K:$K,ThongKe_GV!J$1,TKB_HK2_Moi_Giang!$L:$L,ThongKe_GV!J$2)>0,"X","") | K56: =IF(COUNTIFS(TKB_HK2_Moi_Giang!$S:$S,ThongKe_GV!$C56,TKB_HK2_Moi_Giang!$K:$K,ThongKe_GV!K$1,TKB_HK2_Moi_Giang!$L:$L,ThongKe_GV!K$2)>0,"X","") | L56: =IF(COUNTIFS(TKB_HK2_Moi_Giang!$S:$S,ThongKe_GV!$C56,TKB_HK2_Moi_Giang!$K:$K,ThongKe_GV!L$1,TKB_HK2_Moi_Giang!$L:$L,ThongKe_GV!L$2)>0,"X","") | ... AB56: =IF(COUNTIFS(TKB_HK2_Moi_Giang!$S:$S,ThongKe_GV!$C56,TKB_HK2_Moi_Giang!$K:$K,ThongKe_GV!AB$1,TKB_HK2_Moi_Giang!$L:$L,ThongKe_GV!AB$2)>0,"X","")
A57: =IF(MID(B57,4,1)="Q","Quản trị",IF(MID(B57,4,1)="T","Thiết kế",IF(MID(B57,4,1)="N","Ngoại ngữ",IF(MID(B57,4,1)="C","Công nghệ",IF(MID(B57,4,1)="Y","Y dược",IF(MID(B57,4,1)="V","Văn hóa","")))))) -> Văn hóa | B57: TG-VH24 | C57: Nguyễn Hải Luân | D57: hailuanthptgv@gmail.com | E57: =IF(COUNTIFS(TKB_HK2_Moi_Giang!$S:$S,ThongKe_GV!$C57,TKB_HK2_Moi_Giang!$K:$K,ThongKe_GV!E$1,TKB_HK2_Moi_Giang!$L:$L,ThongKe_GV!E$2)>0,"X","") | F57: =IF(COUNTIFS(TKB_HK2_Moi_Giang!$S:$S,ThongKe_GV!$C57,TKB_HK2_Moi_Giang!$K:$K,ThongKe_GV!F$1,TKB_HK2_Moi_Giang!$L:$L,ThongKe_GV!F$2)>0,"X","") | G57: =IF(COUNTIFS(TKB_HK2_Moi_Giang!$S:$S,ThongKe_GV!$C57,TKB_HK2_Moi_Giang!$K:$K,ThongKe_GV!G$1,TKB_HK2_Moi_Giang!$L:$L,ThongKe_GV!G$2)>0,"X","") | H57: =IF(COUNTIFS(TKB_HK2_Moi_Giang!$S:$S,ThongKe_GV!$C57,TKB_HK2_Moi_Giang!$K:$K,ThongKe_GV!H$1,TKB_HK2_Moi_Giang!$L:$L,ThongKe_GV!H$2)>0,"X","") | I57: =IF(COUNTIFS(TKB_HK2_Moi_Giang!$S:$S,ThongKe_GV!$C57,TKB_HK2_Moi_Giang!$K:$K,ThongKe_GV!I$1,TKB_HK2_Moi_Giang!$L:$L,ThongKe_GV!I$2)>0,"X","") | J57: =IF(COUNTIFS(TKB_HK2_Moi_Giang!$S:$S,ThongKe_GV!$C57,TKB_HK2_Moi_Giang!$K:$K,ThongKe_GV!J$1,TKB_HK2_Moi_Giang!$L:$L,ThongKe_GV!J$2)>0,"X","") | K57: =IF(COUNTIFS(TKB_HK2_Moi_Giang!$S:$S,ThongKe_GV!$C57,TKB_HK2_Moi_Giang!$K:$K,ThongKe_GV!K$1,TKB_HK2_Moi_Giang!$L:$L,ThongKe_GV!K$2)>0,"X","") | L57: =IF(COUNTIFS(TKB_HK2_Moi_Giang!$S:$S,ThongKe_GV!$C57,TKB_HK2_Moi_Giang!$K:$K,ThongKe_GV!L$1,TKB_HK2_Moi_Giang!$L:$L,ThongKe_GV!L$2)>0,"X","") | ... AB57: =IF(COUNTIFS(TKB_HK2_Moi_Giang!$S:$S,ThongKe_GV!$C57,TKB_HK2_Moi_Giang!$K:$K,ThongKe_GV!AB$1,TKB_HK2_Moi_Giang!$L:$L,ThongKe_GV!AB$2)>0,"X","")
A58: =IF(MID(B58,4,1)="Q","Quản trị",IF(MID(B58,4,1)="T","Thiết kế",IF(MID(B58,4,1)="N","Ngoại ngữ",IF(MID(B58,4,1)="C","Công nghệ",IF(MID(B58,4,1)="Y","Y dược",IF(MID(B58,4,1)="V","Văn hóa","")))))) -> Thiết kế | B58: CH-TA006 | C58: Trương Ngọc Triệu Minh | D58: minh.truong@caodangvietmy.edu.vn | E58: =IF(COUNTIFS(TKB_HK2_Moi_Giang!$S:$S,ThongKe_GV!$C58,TKB_HK2_Moi_Giang!$K:$K,ThongKe_GV!E$1,TKB_HK2_Moi_Giang!$L:$L,ThongKe_GV!E$2)>0,"X","") | F58: =IF(COUNTIFS(TKB_HK2_Moi_Giang!$S:$S,ThongKe_GV!$C58,TKB_HK2_Moi_Giang!$K:$K,ThongKe_GV!F$1,TKB_HK2_Moi_Giang!$L:$L,ThongKe_GV!F$2)>0,"X","") | G58: =IF(COUNTIFS(TKB_HK2_Moi_Giang!$S:$S,ThongKe_GV!$C58,TKB_HK2_Moi_Giang!$K:$K,ThongKe_GV!G$1,TKB_HK2_Moi_Giang!$L:$L,ThongKe_GV!G$2)>0,"X","") | H58: =IF(COUNTIFS(TKB_HK2_Moi_Giang!$S:$S,ThongKe_GV!$C58,TKB_HK2_Moi_Giang!$K:$K,ThongKe_GV!H$1,TKB_HK2_Moi_Giang!$L:$L,ThongKe_GV!H$2)>0,"X","") -> X | I58: =IF(COUNTIFS(TKB_HK2_Moi_Giang!$S:$S,ThongKe_GV!$C58,TKB_HK2_Moi_Giang!$K:$K,ThongKe_GV!I$1,TKB_HK2_Moi_Giang!$L:$L,ThongKe_GV!I$2)>0,"X","") | J58: =IF(COUNTIFS(TKB_HK2_Moi_Giang!$S:$S,ThongKe_GV!$C58,TKB_HK2_Moi_Giang!$K:$K,ThongKe_GV!J$1,TKB_HK2_Moi_Giang!$L:$L,ThongKe_GV!J$2)>0,"X","") | K58: =IF(COUNTIFS(TKB_HK2_Moi_Giang!$S:$S,ThongKe_GV!$C58,TKB_HK2_Moi_Giang!$K:$K,ThongKe_GV!K$1,TKB_HK2_Moi_Giang!$L:$L,ThongKe_GV!K$2)>0,"X","") | L58: =IF(COUNTIFS(TKB_HK2_Moi_Giang!$S:$S,ThongKe_GV!$C58,TKB_HK2_Moi_Giang!$K:$K,ThongKe_GV!L$1,TKB_HK2_Moi_Giang!$L:$L,ThongKe_GV!L$2)>0,"X","") | ... AB58: =IF(COUNTIFS(TKB_HK2_Moi_Giang!$S:$S,ThongKe_GV!$C58,TKB_HK2_Moi_Giang!$K:$K,ThongKe_GV!AB$1,TKB_HK2_Moi_Giang!$L:$L,ThongKe_GV!AB$2)>0,"X","")
A59: Quản trị | B59: TG-KQT095 | C59: Nguyễn Thị Yến Oanh | D59: yenoanh3004@gmail.com | E59: =IF(COUNTIFS(TKB_HK2_Moi_Giang!$S:$S,ThongKe_GV!$C59,TKB_HK2_Moi_Giang!$K:$K,ThongKe_GV!E$1,TKB_HK2_Moi_Giang!$L:$L,ThongKe_GV!E$2)>0,"X","") | F59: =IF(COUNTIFS(TKB_HK2_Moi_Giang!$S:$S,ThongKe_GV!$C59,TKB_HK2_Moi_Giang!$K:$K,ThongKe_GV!F$1,TKB_HK2_Moi_Giang!$L:$L,ThongKe_GV!F$2)>0,"X","") | G59: =IF(COUNTIFS(TKB_HK2_Moi_Giang!$S:$S,ThongKe_GV!$C59,TKB_HK2_Moi_Giang!$K:$K,ThongKe_GV!G$1,TKB_HK2_Moi_Giang!$L:$L,ThongKe_GV!G$2)>0,"X","") | H59: =IF(COUNTIFS(TKB_HK2_Moi_Giang!$S:$S,ThongKe_GV!$C59,TKB_HK2_Moi_Giang!$K:$K,ThongKe_GV!H$1,TKB_HK2_Moi_Giang!$L:$L,ThongKe_GV!H$2)>0,"X","") | I59: =IF(COUNTIFS(TKB_HK2_Moi_Giang!$S:$S,ThongKe_GV!$C59,TKB_HK2_Moi_Giang!$K:$K,ThongKe_GV!I$1,TKB_HK2_Moi_Giang!$L:$L,ThongKe_GV!I$2)>0,"X","") | J59: =IF(COUNTIFS(TKB_HK2_Moi_Giang!$S:$S,ThongKe_GV!$C59,TKB_HK2_Moi_Giang!$K:$K,ThongKe_GV!J$1,TKB_HK2_Moi_Giang!$L:$L,ThongKe_GV!J$2)>0,"X","") | K59: =IF(COUNTIFS(TKB_HK2_Moi_Giang!$S:$S,ThongKe_GV!$C59,TKB_HK2_Moi_Giang!$K:$K,ThongKe_GV!K$1,TKB_HK2_Moi_Giang!$L:$L,ThongKe_GV!K$2)>0,"X","") | L59: =IF(COUNTIFS(TKB_HK2_Moi_Giang!$S:$S,ThongKe_GV!$C59,TKB_HK2_Moi_Giang!$K:$K,ThongKe_GV!L$1,TKB_HK2_Moi_Giang!$L:$L,ThongKe_GV!L$2)>0,"X","") | ... AB59: =IF(COUNTIFS(TKB_HK2_Moi_Giang!$S:$S,ThongKe_GV!$C59,TKB_HK2_Moi_Giang!$K:$K,ThongKe_GV!AB$1,TKB_HK2_Moi_Giang!$L:$L,ThongKe_GV!AB$2)>0,"X","")
A60: =IF(MID(B60,4,1)="Q","Quản trị",IF(MID(B60,4,1)="T","Thiết kế",IF(MID(B60,4,1)="N","Ngoại ngữ",IF(MID(B60,4,1)="C","Công nghệ",IF(MID(B60,4,1)="Y","Y dược",IF(MID(B60,4,1)="V","Văn hóa","")))))) | B60: CH-BTEC002 | C60: Nguyễn Anh Phú | D60: phu.nguyen@caodangvietmy.edu.vn | E60: =IF(COUNTIFS(TKB_HK2_Moi_Giang!$S:$S,ThongKe_GV!$C60,TKB_HK2_Moi_Giang!$K:$K,ThongKe_GV!E$1,TKB_HK2_Moi_Giang!$L:$L,ThongKe_GV!E$2)>0,"X","") | F60: =IF(COUNTIFS(TKB_HK2_Moi_Giang!$S:$S,ThongKe_GV!$C60,TKB_HK2_Moi_Giang!$K:$K,ThongKe_GV!F$1,TKB_HK2_Moi_Giang!$L:$L,ThongKe_GV!F$2)>0,"X","") | G60: =IF(COUNTIFS(TKB_HK2_Moi_Giang!$S:$S,ThongKe_GV!$C60,TKB_HK2_Moi_Giang!$K:$K,ThongKe_GV!G$1,TKB_HK2_Moi_Giang!$L:$L,ThongKe_GV!G$2)>0,"X","") | H60: =IF(COUNTIFS(TKB_HK2_Moi_Giang!$S:$S,ThongKe_GV!$C60,TKB_HK2_Moi_Giang!$K:$K,ThongKe_GV!H$1,TKB_HK2_Moi_Giang!$L:$L,ThongKe_GV!H$2)>0,"X","") | I60: =IF(COUNTIFS(TKB_HK2_Moi_Giang!$S:$S,ThongKe_GV!$C60,TKB_HK2_Moi_Giang!$K:$K,ThongKe_GV!I$1,TKB_HK2_Moi_Giang!$L:$L,ThongKe_GV!I$2)>0,"X","") | J60: =IF(COUNTIFS(TKB_HK2_Moi_Giang!$S:$S,ThongKe_GV!$C60,TKB_HK2_Moi_Giang!$K:$K,ThongKe_GV!J$1,TKB_HK2_Moi_Giang!$L:$L,ThongKe_GV!J$2)>0,"X","") | K60: =IF(COUNTIFS(TKB_HK2_Moi_Giang!$S:$S,ThongKe_GV!$C60,TKB_HK2_Moi_Giang!$K:$K,ThongKe_GV!K$1,TKB_HK2_Moi_Giang!$L:$L,ThongKe_GV!K$2)>0,"X","") | L60: =IF(COUNTIFS(TKB_HK2_Moi_Giang!$S:$S,ThongKe_GV!$C60,TKB_HK2_Moi_Giang!$K:$K,ThongKe_GV!L$1,TKB_HK2_Moi_Giang!$L:$L,ThongKe_GV!L$2)>0,"X","") | ... AB60: =IF(COUNTIFS(TKB_HK2_Moi_Giang!$S:$S,ThongKe_GV!$C60,TKB_HK2_Moi_Giang!$K:$K,ThongKe_GV!AB$1,TKB_HK2_Moi_Giang!$L:$L,ThongKe_GV!AB$2)>0,"X","")
A61: =IF(MID(B61,4,1)="Q","Quản trị",IF(MID(B61,4,1)="T","Thiết kế",IF(MID(B61,4,1)="N","Ngoại ngữ",IF(MID(B61,4,1)="C","Công nghệ",IF(MID(B61,4,1)="Y","Y dược",IF(MID(B61,4,1)="V","Văn hóa","")))))) -> Quản trị | B61: TG-QT103 | C61: Lê Nguyễn Trung Kiên | D61: lenguyentrungkien0809@gmail.com | E61: =IF(COUNTIFS(TKB_HK2_Moi_Giang!$S:$S,ThongKe_GV!$C61,TKB_HK2_Moi_Giang!$K:$K,ThongKe_GV!E$1,TKB_HK2_Moi_Giang!$L:$L,ThongKe_GV!E$2)>0,"X","") | F61: =IF(COUNTIFS(TKB_HK2_Moi_Giang!$S:$S,ThongKe_GV!$C61,TKB_HK2_Moi_Giang!$K:$K,ThongKe_GV!F$1,TKB_HK2_Moi_Giang!$L:$L,ThongKe_GV!F$2)>0,"X","") | G61: =IF(COUNTIFS(TKB_HK2_Moi_Giang!$S:$S,ThongKe_GV!$C61,TKB_HK2_Moi_Giang!$K:$K,ThongKe_GV!G$1,TKB_HK2_Moi_Giang!$L:$L,ThongKe_GV!G$2)>0,"X","") | H61: =IF(COUNTIFS(TKB_HK2_Moi_Giang!$S:$S,ThongKe_GV!$C61,TKB_HK2_Moi_Giang!$K:$K,ThongKe_GV!H$1,TKB_HK2_Moi_Giang!$L:$L,ThongKe_GV!H$2)>0,"X","") | I61: =IF(COUNTIFS(TKB_HK2_Moi_Giang!$S:$S,ThongKe_GV!$C61,TKB_HK2_Moi_Giang!$K:$K,ThongKe_GV!I$1,TKB_HK2_Moi_Giang!$L:$L,ThongKe_GV!I$2)>0,"X","") | J61: =IF(COUNTIFS(TKB_HK2_Moi_Giang!$S:$S,ThongKe_GV!$C61,TKB_HK2_Moi_Giang!$K:$K,ThongKe_GV!J$1,TKB_HK2_Moi_Giang!$L:$L,ThongKe_GV!J$2)>0,"X","") | K61: =IF(COUNTIFS(TKB_HK2_Moi_Giang!$S:$S,ThongKe_GV!$C61,TKB_HK2_Moi_Giang!$K:$K,ThongKe_GV!K$1,TKB_HK2_Moi_Giang!$L:$L,ThongKe_GV!K$2)>0,"X","") | L61: =IF(COUNTIFS(TKB_HK2_Moi_Giang!$S:$S,ThongKe_GV!$C61,TKB_HK2_Moi_Giang!$K:$K,ThongKe_GV!L$1,TKB_HK2_Moi_Giang!$L:$L,ThongKe_GV!L$2)>0,"X","") | ... AB61: =IF(COUNTIFS(TKB_HK2_Moi_Giang!$S:$S,ThongKe_GV!$C61,TKB_HK2_Moi_Giang!$K:$K,ThongKe_GV!AB$1,TKB_HK2_Moi_Giang!$L:$L,ThongKe_GV!AB$2)>0,"X","")
A62: =IF(MID(B62,4,1)="Q","Quản trị",IF(MID(B62,4,1)="T","Thiết kế",IF(MID(B62,4,1)="N","Ngoại ngữ",IF(MID(B62,4,1)="C","Công nghệ",IF(MID(B62,4,1)="Y","Y dược",IF(MID(B62,4,1)="V","Văn hóa","")))))) -> Ngoại ngữ | B62: lien.tran | C62: Trần Thị Liên | D62: liendhbk@gmail.com | E62: =IF(COUNTIFS(TKB_HK2_Moi_Giang!$S:$S,ThongKe_GV!$C62,TKB_HK2_Moi_Giang!$K:$K,ThongKe_GV!E$1,TKB_HK2_Moi_Giang!$L:$L,ThongKe_GV!E$2)>0,"X","") -> X | F62: =IF(COUNTIFS(TKB_HK2_Moi_Giang!$S:$S,ThongKe_GV!$C62,TKB_HK2_Moi_Giang!$K:$K,ThongKe_GV!F$1,TKB_HK2_Moi_Giang!$L:$L,ThongKe_GV!F$2)>0,"X","") -> X | G62: =IF(COUNTIFS(TKB_HK2_Moi_Giang!$S:$S,ThongKe_GV!$C62,TKB_HK2_Moi_Giang!$K:$K,ThongKe_GV!G$1,TKB_HK2_Moi_Giang!$L:$L,ThongKe_GV!G$2)>0,"X","") | H62: =IF(COUNTIFS(TKB_HK2_Moi_Giang!$S:$S,ThongKe_GV!$C62,TKB_HK2_Moi_Giang!$K:$K,ThongKe_GV!H$1,TKB_HK2_Moi_Giang!$L:$L,ThongKe_GV!H$2)>0,"X","") | I62: =IF(COUNTIFS(TKB_HK2_Moi_Giang!$S:$S,ThongKe_GV!$C62,TKB_HK2_Moi_Giang!$K:$K,ThongKe_GV!I$1,TKB_HK2_Moi_Giang!$L:$L,ThongKe_GV!I$2)>0,"X","") | J62: =IF(COUNTIFS(TKB_HK2_Moi_Giang!$S:$S,ThongKe_GV!$C62,TKB_HK2_Moi_Giang!$K:$K,ThongKe_GV!J$1,TKB_HK2_Moi_Giang!$L:$L,ThongKe_GV!J$2)>0,"X","") | K62: =IF(COUNTIFS(TKB_HK2_Moi_Giang!$S:$S,ThongKe_GV!$C62,TKB_HK2_Moi_Giang!$K:$K,ThongKe_GV!K$1,TKB_HK2_Moi_Giang!$L:$L,ThongKe_GV!K$2)>0,"X","") | L62: =IF(COUNTIFS(TKB_HK2_Moi_Giang!$S:$S,ThongKe_GV!$C62,TKB_HK2_Moi_Giang!$K:$K,ThongKe_GV!L$1,TKB_HK2_Moi_Giang!$L:$L,ThongKe_GV!L$2)>0,"X","") | ... AB62: =IF(COUNTIFS(TKB_HK2_Moi_Giang!$S:$S,ThongKe_GV!$C62,TKB_HK2_Moi_Giang!$K:$K,ThongKe_GV!AB$1,TKB_HK2_Moi_Giang!$L:$L,ThongKe_GV!AB$2)>0,"X","")
A63: =IF(MID(B63,4,1)="Q","Quản trị",IF(MID(B63,4,1)="T","Thiết kế",IF(MID(B63,4,1)="N","Ngoại ngữ",IF(MID(B63,4,1)="C","Công nghệ",IF(MID(B63,4,1)="Y","Y dược",IF(MID(B63,4,1)="V","Văn hóa","")))))) -> Quản trị | B63: TG-QT100 | C63: Đặng Văn Đại | D63: daivandang@gmail.com | E63: =IF(COUNTIFS(TKB_HK2_Moi_Giang!$S:$S,ThongKe_GV!$C63,TKB_HK2_Moi_Giang!$K:$K,ThongKe_GV!E$1,TKB_HK2_Moi_Giang!$L:$L,ThongKe_GV!E$2)>0,"X","") | F63: =IF(COUNTIFS(TKB_HK2_Moi_Giang!$S:$S,ThongKe_GV!$C63,TKB_HK2_Moi_Giang!$K:$K,ThongKe_GV!F$1,TKB_HK2_Moi_Giang!$L:$L,ThongKe_GV!F$2)>0,"X","") | G63: =IF(COUNTIFS(TKB_HK2_Moi_Giang!$S:$S,ThongKe_GV!$C63,TKB_HK2_Moi_Giang!$K:$K,ThongKe_GV!G$1,TKB_HK2_Moi_Giang!$L:$L,ThongKe_GV!G$2)>0,"X","") | H63: =IF(COUNTIFS(TKB_HK2_Moi_Giang!$S:$S,ThongKe_GV!$C63,TKB_HK2_Moi_Giang!$K:$K,ThongKe_GV!H$1,TKB_HK2_Moi_Giang!$L:$L,ThongKe_GV!H$2)>0,"X","") | I63: =IF(COUNTIFS(TKB_HK2_Moi_Giang!$S:$S,ThongKe_GV!$C63,TKB_HK2_Moi_Giang!$K:$K,ThongKe_GV!I$1,TKB_HK2_Moi_Giang!$L:$L,ThongKe_GV!I$2)>0,"X","") | J63: =IF(COUNTIFS(TKB_HK2_Moi_Giang!$S:$S,ThongKe_GV!$C63,TKB_HK2_Moi_Giang!$K:$K,ThongKe_GV!J$1,TKB_HK2_Moi_Giang!$L:$L,ThongKe_GV!J$2)>0,"X","") | K63: =IF(COUNTIFS(TKB_HK2_Moi_Giang!$S:$S,ThongKe_GV!$C63,TKB_HK2_Moi_Giang!$K:$K,ThongKe_GV!K$1,TKB_HK2_Moi_Giang!$L:$L,ThongKe_GV!K$2)>0,"X","") | L63: =IF(COUNTIFS(TKB_HK2_Moi_Giang!$S:$S,ThongKe_GV!$C63,TKB_HK2_Moi_Giang!$K:$K,ThongKe_GV!L$1,TKB_HK2_Moi_Giang!$L:$L,ThongKe_GV!L$2)>0,"X","") | ... AB63: =IF(COUNTIFS(TKB_HK2_Moi_Giang!$S:$S,ThongKe_GV!$C63,TKB_HK2_Moi_Giang!$K:$K,ThongKe_GV!AB$1,TKB_HK2_Moi_Giang!$L:$L,ThongKe_GV!AB$2)>0,"X","")
A64: =IF(MID(B64,4,1)="Q","Quản trị",IF(MID(B64,4,1)="T","Thiết kế",IF(MID(B64,4,1)="N","Ngoại ngữ",IF(MID(B64,4,1)="C","Công nghệ",IF(MID(B64,4,1)="Y","Y dược",IF(MID(B64,4,1)="V","Văn hóa","")))))) | B64: TBS | C64: Thông Báo Sau | D64: tbs@caodangvietmy.edu.vn | E64: =IF(COUNTIFS(TKB_HK2_Moi_Giang!$S:$S,ThongKe_GV!$C64,TKB_HK2_Moi_Giang!$K:$K,ThongKe_GV!E$1,TKB_HK2_Moi_Giang!$L:$L,ThongKe_GV!E$2)>0,"X","") | F64: =IF(COUNTIFS(TKB_HK2_Moi_Giang!$S:$S,ThongKe_GV!$C64,TKB_HK2_Moi_Giang!$K:$K,ThongKe_GV!F$1,TKB_HK2_Moi_Giang!$L:$L,ThongKe_GV!F$2)>0,"X","") | G64: =IF(COUNTIFS(TKB_HK2_Moi_Giang!$S:$S,ThongKe_GV!$C64,TKB_HK2_Moi_Giang!$K:$K,ThongKe_GV!G$1,TKB_HK2_Moi_Giang!$L:$L,ThongKe_GV!G$2)>0,"X","") | H64: =IF(COUNTIFS(TKB_HK2_Moi_Giang!$S:$S,ThongKe_GV!$C64,TKB_HK2_Moi_Giang!$K:$K,ThongKe_GV!H$1,TKB_HK2_Moi_Giang!$L:$L,ThongKe_GV!H$2)>0,"X","") | I64: =IF(COUNTIFS(TKB_HK2_Moi_Giang!$S:$S,ThongKe_GV!$C64,TKB_HK2_Moi_Giang!$K:$K,ThongKe_GV!I$1,TKB_HK2_Moi_Giang!$L:$L,ThongKe_GV!I$2)>0,"X","") | J64: =IF(COUNTIFS(TKB_HK2_Moi_Giang!$S:$S,ThongKe_GV!$C64,TKB_HK2_Moi_Giang!$K:$K,ThongKe_GV!J$1,TKB_HK2_Moi_Giang!$L:$L,ThongKe_GV!J$2)>0,"X","") | K64: =IF(COUNTIFS(TKB_HK2_Moi_Giang!$S:$S,ThongKe_GV!$C64,TKB_HK2_Moi_Giang!$K:$K,ThongKe_GV!K$1,TKB_HK2_Moi_Giang!$L:$L,ThongKe_GV!K$2)>0,"X","") | L64: =IF(COUNTIFS(TKB_HK2_Moi_Giang!$S:$S,ThongKe_GV!$C64,TKB_HK2_Moi_Giang!$K:$K,ThongKe_GV!L$1,TKB_HK2_Moi_Giang!$L:$L,ThongKe_GV!L$2)>0,"X","") | ... AB64: =IF(COUNTIFS(TKB_HK2_Moi_Giang!$S:$S,ThongKe_GV!$C64,TKB_HK2_Moi_Giang!$K:$K,ThongKe_GV!AB$1,TKB_HK2_Moi_Giang!$L:$L,ThongKe_GV!AB$2)>0,"X","")
A65: =IF(MID(B65,4,1)="Q","Quản trị",IF(MID(B65,4,1)="T","Thiết kế",IF(MID(B65,4,1)="N","Ngoại ngữ",IF(MID(B65,4,1)="C","Công nghệ",IF(MID(B65,4,1)="Y","Y dược",IF(MID(B65,4,1)="V","Văn hóa","")))))) | B65: TG-HQ004 | C65: Trương Thị Út | D65: truongthiut998@gmail.com | E65: =IF(COUNTIFS(TKB_HK2_Moi_Giang!$S:$S,ThongKe_GV!$C65,TKB_HK2_Moi_Giang!$K:$K,ThongKe_GV!E$1,TKB_HK2_Moi_Giang!$L:$L,ThongKe_GV!E$2)>0,"X","") | F65: =IF(COUNTIFS(TKB_HK2_Moi_Giang!$S:$S,ThongKe_GV!$C65,TKB_HK2_Moi_Giang!$K:$K,ThongKe_GV!F$1,TKB_HK2_Moi_Giang!$L:$L,ThongKe_GV!F$2)>0,"X","") | G65: =IF(COUNTIFS(TKB_HK2_Moi_Giang!$S:$S,ThongKe_GV!$C65,TKB_HK2_Moi_Giang!$K:$K,ThongKe_GV!G$1,TKB_HK2_Moi_Giang!$L:$L,ThongKe_GV!G$2)>0,"X","") | H65: =IF(COUNTIFS(TKB_HK2_Moi_Giang!$S:$S,ThongKe_GV!$C65,TKB_HK2_Moi_Giang!$K:$K,ThongKe_GV!H$1,TKB_HK2_Moi_Giang!$L:$L,ThongKe_GV!H$2)>0,"X","") -> X | I65: =IF(COUNTIFS(TKB_HK2_Moi_Giang!$S:$S,ThongKe_GV!$C65,TKB_HK2_Moi_Giang!$K:$K,ThongKe_GV!I$1,TKB_HK2_Moi_Giang!$L:$L,ThongKe_GV!I$2)>0,"X","") | J65: =IF(COUNTIFS(TKB_HK2_Moi_Giang!$S:$S,ThongKe_GV!$C65,TKB_HK2_Moi_Giang!$K:$K,ThongKe_GV!J$1,TKB_HK2_Moi_Giang!$L:$L,ThongKe_GV!J$2)>0,"X","") | K65: =IF(COUNTIFS(TKB_HK2_Moi_Giang!$S:$S,ThongKe_GV!$C65,TKB_HK2_Moi_Giang!$K:$K,ThongKe_GV!K$1,TKB_HK2_Moi_Giang!$L:$L,ThongKe_GV!K$2)>0,"X","") | L65: =IF(COUNTIFS(TKB_HK2_Moi_Giang!$S:$S,ThongKe_GV!$C65,TKB_HK2_Moi_Giang!$K:$K,ThongKe_GV!L$1,TKB_HK2_Moi_Giang!$L:$L,ThongKe_GV!L$2)>0,"X","") | ... AB65: =IF(COUNTIFS(TKB_HK2_Moi_Giang!$S:$S,ThongKe_GV!$C65,TKB_HK2_Moi_Giang!$K:$K,ThongKe_GV!AB$1,TKB_HK2_Moi_Giang!$L:$L,ThongKe_GV!AB$2)>0,"X","")
A66: =IF(MID(B66,4,1)="Q","Quản trị",IF(MID(B66,4,1)="T","Thiết kế",IF(MID(B66,4,1)="N","Ngoại ngữ",IF(MID(B66,4,1)="C","Công nghệ",IF(MID(B66,4,1)="Y","Y dược",IF(MID(B66,4,1)="V","Văn hóa","")))))) -> Văn hóa | B66: TG-VH003 | C66: Nguyễn Thị Tú Anh | D66: ngtrantuanh@gmail.com | E66: =IF(COUNTIFS(TKB_HK2_Moi_Giang!$S:$S,ThongKe_GV!$C66,TKB_HK2_Moi_Giang!$K:$K,ThongKe_GV!E$1,TKB_HK2_Moi_Giang!$L:$L,ThongKe_GV!E$2)>0,"X","") | F66: =IF(COUNTIFS(TKB_HK2_Moi_Giang!$S:$S,ThongKe_GV!$C66,TKB_HK2_Moi_Giang!$K:$K,ThongKe_GV!F$1,TKB_HK2_Moi_Giang!$L:$L,ThongKe_GV!F$2)>0,"X","") | G66: =IF(COUNTIFS(TKB_HK2_Moi_Giang!$S:$S,ThongKe_GV!$C66,TKB_HK2_Moi_Giang!$K:$K,ThongKe_GV!G$1,TKB_HK2_Moi_Giang!$L:$L,ThongKe_GV!G$2)>0,"X","") | H66: =IF(COUNTIFS(TKB_HK2_Moi_Giang!$S:$S,ThongKe_GV!$C66,TKB_HK2_Moi_Giang!$K:$K,ThongKe_GV!H$1,TKB_HK2_Moi_Giang!$L:$L,ThongKe_GV!H$2)>0,"X","") | I66: =IF(COUNTIFS(TKB_HK2_Moi_Giang!$S:$S,ThongKe_GV!$C66,TKB_HK2_Moi_Giang!$K:$K,ThongKe_GV!I$1,TKB_HK2_Moi_Giang!$L:$L,ThongKe_GV!I$2)>0,"X","") | J66: =IF(COUNTIFS(TKB_HK2_Moi_Giang!$S:$S,ThongKe_GV!$C66,TKB_HK2_Moi_Giang!$K:$K,ThongKe_GV!J$1,TKB_HK2_Moi_Giang!$L:$L,ThongKe_GV!J$2)>0,"X","") | K66: =IF(COUNTIFS(TKB_HK2_Moi_Giang!$S:$S,ThongKe_GV!$C66,TKB_HK2_Moi_Giang!$K:$K,ThongKe_GV!K$1,TKB_HK2_Moi_Giang!$L:$L,ThongKe_GV!K$2)>0,"X","") | L66: =IF(COUNTIFS(TKB_HK2_Moi_Giang!$S:$S,ThongKe_GV!$C66,TKB_HK2_Moi_Giang!$K:$K,ThongKe_GV!L$1,TKB_HK2_Moi_Giang!$L:$L,ThongKe_GV!L$2)>0,"X","") | ... AB66: =IF(COUNTIFS(TKB_HK2_Moi_Giang!$S:$S,ThongKe_GV!$C66,TKB_HK2_Moi_Giang!$K:$K,ThongKe_GV!AB$1,TKB_HK2_Moi_Giang!$L:$L,ThongKe_GV!AB$2)>0,"X","")
A67: =IF(MID(B67,4,1)="Q","Quản trị",IF(MID(B67,4,1)="T","Thiết kế",IF(MID(B67,4,1)="N","Ngoại ngữ",IF(MID(B67,4,1)="C","Công nghệ",IF(MID(B67,4,1)="Y","Y dược",IF(MID(B67,4,1)="V","Văn hóa","")))))) -> Thiết kế | B67: TG-TK036 | C67: Trần Quang Hải | D67: ktk.dohoa11.hcm@caodangvietmy.edu.vn | E67: =IF(COUNTIFS(TKB_HK2_Moi_Giang!$S:$S,ThongKe_GV!$C67,TKB_HK2_Moi_Giang!$K:$K,ThongKe_GV!E$1,TKB_HK2_Moi_Giang!$L:$L,ThongKe_GV!E$2)>0,"X","") | F67: =IF(COUNTIFS(TKB_HK2_Moi_Giang!$S:$S,ThongKe_GV!$C67,TKB_HK2_Moi_Giang!$K:$K,ThongKe_GV!F$1,TKB_HK2_Moi_Giang!$L:$L,ThongKe_GV!F$2)>0,"X","") | G67: =IF(COUNTIFS(TKB_HK2_Moi_Giang!$S:$S,ThongKe_GV!$C67,TKB_HK2_Moi_Giang!$K:$K,ThongKe_GV!G$1,TKB_HK2_Moi_Giang!$L:$L,ThongKe_GV!G$2)>0,"X","") | H67: =IF(COUNTIFS(TKB_HK2_Moi_Giang!$S:$S,ThongKe_GV!$C67,TKB_HK2_Moi_Giang!$K:$K,ThongKe_GV!H$1,TKB_HK2_Moi_Giang!$L:$L,ThongKe_GV!H$2)>0,"X","") | I67: =IF(COUNTIFS(TKB_HK2_Moi_Giang!$S:$S,ThongKe_GV!$C67,TKB_HK2_Moi_Giang!$K:$K,ThongKe_GV!I$1,TKB_HK2_Moi_Giang!$L:$L,ThongKe_GV!I$2)>0,"X","") | J67: =IF(COUNTIFS(TKB_HK2_Moi_Giang!$S:$S,ThongKe_GV!$C67,TKB_HK2_Moi_Giang!$K:$K,ThongKe_GV!J$1,TKB_HK2_Moi_Giang!$L:$L,ThongKe_GV!J$2)>0,"X","") | K67: =IF(COUNTIFS(TKB_HK2_Moi_Giang!$S:$S,ThongKe_GV!$C67,TKB_HK2_Moi_Giang!$K:$K,ThongKe_GV!K$1,TKB_HK2_Moi_Giang!$L:$L,ThongKe_GV!K$2)>0,"X","") | L67: =IF(COUNTIFS(TKB_HK2_Moi_Giang!$S:$S,ThongKe_GV!$C67,TKB_HK2_Moi_Giang!$K:$K,ThongKe_GV!L$1,TKB_HK2_Moi_Giang!$L:$L,ThongKe_GV!L$2)>0,"X","") | ... AB67: =IF(COUNTIFS(TKB_HK2_Moi_Giang!$S:$S,ThongKe_GV!$C67,TKB_HK2_Moi_Giang!$K:$K,ThongKe_GV!AB$1,TKB_HK2_Moi_Giang!$L:$L,ThongKe_GV!AB$2)>0,"X","")
A68: =IF(MID(B68,4,1)="Q","Quản trị",IF(MID(B68,4,1)="T","Thiết kế",IF(MID(B68,4,1)="N","Ngoại ngữ",IF(MID(B68,4,1)="C","Công nghệ",IF(MID(B68,4,1)="Y","Y dược",IF(MID(B68,4,1)="V","Văn hóa","")))))) -> Thiết kế | B68: TG-TK48 | C68: Nguyễn Cung Đàn | D68: cungdannguyen@gmail.com | E68: =IF(COUNTIFS(TKB_HK2_Moi_Giang!$S:$S,ThongKe_GV!$C68,TKB_HK2_Moi_Giang!$K:$K,ThongKe_GV!E$1,TKB_HK2_Moi_Giang!$L:$L,ThongKe_GV!E$2)>0,"X","") | F68: =IF(COUNTIFS(TKB_HK2_Moi_Giang!$S:$S,ThongKe_GV!$C68,TKB_HK2_Moi_Giang!$K:$K,ThongKe_GV!F$1,TKB_HK2_Moi_Giang!$L:$L,ThongKe_GV!F$2)>0,"X","") | G68: =IF(COUNTIFS(TKB_HK2_Moi_Giang!$S:$S,ThongKe_GV!$C68,TKB_HK2_Moi_Giang!$K:$K,ThongKe_GV!G$1,TKB_HK2_Moi_Giang!$L:$L,ThongKe_GV!G$2)>0,"X","") | H68: =IF(COUNTIFS(TKB_HK2_Moi_Giang!$S:$S,ThongKe_GV!$C68,TKB_HK2_Moi_Giang!$K:$K,ThongKe_GV!H$1,TKB_HK2_Moi_Giang!$L:$L,ThongKe_GV!H$2)>0,"X","") | I68: =IF(COUNTIFS(TKB_HK2_Moi_Giang!$S:$S,ThongKe_GV!$C68,TKB_HK2_Moi_Giang!$K:$K,ThongKe_GV!I$1,TKB_HK2_Moi_Giang!$L:$L,ThongKe_GV!I$2)>0,"X","") | J68: =IF(COUNTIFS(TKB_HK2_Moi_Giang!$S:$S,ThongKe_GV!$C68,TKB_HK2_Moi_Giang!$K:$K,ThongKe_GV!J$1,TKB_HK2_Moi_Giang!$L:$L,ThongKe_GV!J$2)>0,"X","") | K68: =IF(COUNTIFS(TKB_HK2_Moi_Giang!$S:$S,ThongKe_GV!$C68,TKB_HK2_Moi_Giang!$K:$K,ThongKe_GV!K$1,TKB_HK2_Moi_Giang!$L:$L,ThongKe_GV!K$2)>0,"X","") | L68: =IF(COUNTIFS(TKB_HK2_Moi_Giang!$S:$S,ThongKe_GV!$C68,TKB_HK2_Moi_Giang!$K:$K,ThongKe_GV!L$1,TKB_HK2_Moi_Giang!$L:$L,ThongKe_GV!L$2)>0,"X","") | ... AB68: =IF(COUNTIFS(TKB_HK2_Moi_Giang!$S:$S,ThongKe_GV!$C68,TKB_HK2_Moi_Giang!$K:$K,ThongKe_GV!AB$1,TKB_HK2_Moi_Giang!$L:$L,ThongKe_GV!AB$2)>0,"X","")
A69: =IF(MID(B69,4,1)="Q","Quản trị",IF(MID(B69,4,1)="T","Thiết kế",IF(MID(B69,4,1)="N","Ngoại ngữ",IF(MID(B69,4,1)="C","Công nghệ",IF(MID(B69,4,1)="Y","Y dược",IF(MID(B69,4,1)="V","Văn hóa","")))))) -> Ngoại ngữ | B69: TG-NN46 | C69: Nguyễn Lữ Bảo Trân | D69: trany0104@gmail.com | E69: =IF(COUNTIFS(TKB_HK2_Moi_Giang!$S:$S,ThongKe_GV!$C69,TKB_HK2_Moi_Giang!$K:$K,ThongKe_GV!E$1,TKB_HK2_Moi_Giang!$L:$L,ThongKe_GV!E$2)>0,"X","") | F69: =IF(COUNTIFS(TKB_HK2_Moi_Giang!$S:$S,ThongKe_GV!$C69,TKB_HK2_Moi_Giang!$K:$K,ThongKe_GV!F$1,TKB_HK2_Moi_Giang!$L:$L,ThongKe_GV!F$2)>0,"X","") | G69: =IF(COUNTIFS(TKB_HK2_Moi_Giang!$S:$S,ThongKe_GV!$C69,TKB_HK2_Moi_Giang!$K:$K,ThongKe_GV!G$1,TKB_HK2_Moi_Giang!$L:$L,ThongKe_GV!G$2)>0,"X","") -> X | H69: =IF(COUNTIFS(TKB_HK2_Moi_Giang!$S:$S,ThongKe_GV!$C69,TKB_HK2_Moi_Giang!$K:$K,ThongKe_GV!H$1,TKB_HK2_Moi_Giang!$L:$L,ThongKe_GV!H$2)>0,"X","") | I69: =IF(COUNTIFS(TKB_HK2_Moi_Giang!$S:$S,ThongKe_GV!$C69,TKB_HK2_Moi_Giang!$K:$K,ThongKe_GV!I$1,TKB_HK2_Moi_Giang!$L:$L,ThongKe_GV!I$2)>0,"X","") | J69: =IF(COUNTIFS(TKB_HK2_Moi_Giang!$S:$S,ThongKe_GV!$C69,TKB_HK2_Moi_Giang!$K:$K,ThongKe_GV!J$1,TKB_HK2_Moi_Giang!$L:$L,ThongKe_GV!J$2)>0,"X","") | K69: =IF(COUNTIFS(TKB_HK2_Moi_Giang!$S:$S,ThongKe_GV!$C69,TKB_HK2_Moi_Giang!$K:$K,ThongKe_GV!K$1,TKB_HK2_Moi_Giang!$L:$L,ThongKe_GV!K$2)>0,"X","") | L69: =IF(COUNTIFS(TKB_HK2_Moi_Giang!$S:$S,ThongKe_GV!$C69,TKB_HK2_Moi_Giang!$K:$K,ThongKe_GV!L$1,TKB_HK2_Moi_Giang!$L:$L,ThongKe_GV!L$2)>0,"X","") | ... AB69: =IF(COUNTIFS(TKB_HK2_Moi_Giang!$S:$S,ThongKe_GV!$C69,TKB_HK2_Moi_Giang!$K:$K,ThongKe_GV!AB$1,TKB_HK2_Moi_Giang!$L:$L,ThongKe_GV!AB$2)>0,"X","")
A70: =IF(MID(B70,4,1)="Q","Quản trị",IF(MID(B70,4,1)="T","Thiết kế",IF(MID(B70,4,1)="N","Ngoại ngữ",IF(MID(B70,4,1)="C","Công nghệ",IF(MID(B70,4,1)="Y","Y dược",IF(MID(B70,4,1)="V","Văn hóa","")))))) | B70: TG-KQT080 | C70: Trần Thị Thúy Hằng | D70: mcthuyhang281@gmail.com | E70: =IF(COUNTIFS(TKB_HK2_Moi_Giang!$S:$S,ThongKe_GV!$C70,TKB_HK2_Moi_Giang!$K:$K,ThongKe_GV!E$1,TKB_HK2_Moi_Giang!$L:$L,ThongKe_GV!E$2)>0,"X","") | F70: =IF(COUNTIFS(TKB_HK2_Moi_Giang!$S:$S,ThongKe_GV!$C70,TKB_HK2_Moi_Giang!$K:$K,ThongKe_GV!F$1,TKB_HK2_Moi_Giang!$L:$L,ThongKe_GV!F$2)>0,"X","") | G70: =IF(COUNTIFS(TKB_HK2_Moi_Giang!$S:$S,ThongKe_GV!$C70,TKB_HK2_Moi_Giang!$K:$K,ThongKe_GV!G$1,TKB_HK2_Moi_Giang!$L:$L,ThongKe_GV!G$2)>0,"X","") | H70: =IF(COUNTIFS(TKB_HK2_Moi_Giang!$S:$S,ThongKe_GV!$C70,TKB_HK2_Moi_Giang!$K:$K,ThongKe_GV!H$1,TKB_HK2_Moi_Giang!$L:$L,ThongKe_GV!H$2)>0,"X","") | I70: =IF(COUNTIFS(TKB_HK2_Moi_Giang!$S:$S,ThongKe_GV!$C70,TKB_HK2_Moi_Giang!$K:$K,ThongKe_GV!I$1,TKB_HK2_Moi_Giang!$L:$L,ThongKe_GV!I$2)>0,"X","") | J70: =IF(COUNTIFS(TKB_HK2_Moi_Giang!$S:$S,ThongKe_GV!$C70,TKB_HK2_Moi_Giang!$K:$K,ThongKe_GV!J$1,TKB_HK2_Moi_Giang!$L:$L,ThongKe_GV!J$2)>0,"X","") | K70: =IF(COUNTIFS(TKB_HK2_Moi_Giang!$S:$S,ThongKe_GV!$C70,TKB_HK2_Moi_Giang!$K:$K,ThongKe_GV!K$1,TKB_HK2_Moi_Giang!$L:$L,ThongKe_GV!K$2)>0,"X","") | L70: =IF(COUNTIFS(TKB_HK2_Moi_Giang!$S:$S,ThongKe_GV!$C70,TKB_HK2_Moi_Giang!$K:$K,ThongKe_GV!L$1,TKB_HK2_Moi_Giang!$L:$L,ThongKe_GV!L$2)>0,"X","") | ... AB70: =IF(COUNTIFS(TKB_HK2_Moi_Giang!$S:$S,ThongKe_GV!$C70,TKB_HK2_Moi_Giang!$K:$K,ThongKe_GV!AB$1,TKB_HK2_Moi_Giang!$L:$L,ThongKe_GV!AB$2)>0,"X","")
A71: =IF(MID(B71,4,1)="Q","Quản trị",IF(MID(B71,4,1)="T","Thiết kế",IF(MID(B71,4,1)="N","Ngoại ngữ",IF(MID(B71,4,1)="C","Công nghệ",IF(MID(B71,4,1)="Y","Y dược",IF(MID(B71,4,1)="V","Văn hóa","")))))) -> Ngoại ngữ | B71: TG-NN075 | C71: Nguyễn Thị Hồng Nga | D71: msjane6614@gmail.com | E71: =IF(COUNTIFS(TKB_HK2_Moi_Giang!$S:$S,ThongKe_GV!$C71,TKB_HK2_Moi_Giang!$K:$K,ThongKe_GV!E$1,TKB_HK2_Moi_Giang!$L:$L,ThongKe_GV!E$2)>0,"X","") | F71: =IF(COUNTIFS(TKB_HK2_Moi_Giang!$S:$S,ThongKe_GV!$C71,TKB_HK2_Moi_Giang!$K:$K,ThongKe_GV!F$1,TKB_HK2_Moi_Giang!$L:$L,ThongKe_GV!F$2)>0,"X","") | G71: =IF(COUNTIFS(TKB_HK2_Moi_Giang!$S:$S,ThongKe_GV!$C71,TKB_HK2_Moi_Giang!$K:$K,ThongKe_GV!G$1,TKB_HK2_Moi_Giang!$L:$L,ThongKe_GV!G$2)>0,"X","") | H71: =IF(COUNTIFS(TKB_HK2_Moi_Giang!$S:$S,ThongKe_GV!$C71,TKB_HK2_Moi_Giang!$K:$K,ThongKe_GV!H$1,TKB_HK2_Moi_Giang!$L:$L,ThongKe_GV!H$2)>0,"X","") | I71: =IF(COUNTIFS(TKB_HK2_Moi_Giang!$S:$S,ThongKe_GV!$C71,TKB_HK2_Moi_Giang!$K:$K,ThongKe_GV!I$1,TKB_HK2_Moi_Giang!$L:$L,ThongKe_GV!I$2)>0,"X","") | J71: =IF(COUNTIFS(TKB_HK2_Moi_Giang!$S:$S,ThongKe_GV!$C71,TKB_HK2_Moi_Giang!$K:$K,ThongKe_GV!J$1,TKB_HK2_Moi_Giang!$L:$L,ThongKe_GV!J$2)>0,"X","") | K71: =IF(COUNTIFS(TKB_HK2_Moi_Giang!$S:$S,ThongKe_GV!$C71,TKB_HK2_Moi_Giang!$K:$K,ThongKe_GV!K$1,TKB_HK2_Moi_Giang!$L:$L,ThongKe_GV!K$2)>0,"X","") | L71: =IF(COUNTIFS(TKB_HK2_Moi_Giang!$S:$S,ThongKe_GV!$C71,TKB_HK2_Moi_Giang!$K:$K,ThongKe_GV!L$1,TKB_HK2_Moi_Giang!$L:$L,ThongKe_GV!L$2)>0,"X","") | ... AB71: =IF(COUNTIFS(TKB_HK2_Moi_Giang!$S:$S,ThongKe_GV!$C71,TKB_HK2_Moi_Giang!$K:$K,ThongKe_GV!AB$1,TKB_HK2_Moi_Giang!$L:$L,ThongKe_GV!AB$2)>0,"X","")
... A99: =IF(MID(B99,4,1)="Q","Quản trị",IF(MID(B99,4,1)="T","Thiết kế",IF(MID(B99,4,1)="N","Ngoại ngữ",IF(MID(B99,4,1)="C","Công nghệ",IF(MID(B99,4,1)="Y","Y dược",IF(MID(B99,4,1)="V","Văn hóa","")))))) -> Thiết kế | B99: TG-TK47 | C99: Nguyễn Tiến Hưng | D99: hungtiennguyen.110491@gmail.com | E99: =IF(COUNTIFS(TKB_HK2_Moi_Giang!$S:$S,ThongKe_GV!$C99,TKB_HK2_Moi_Giang!$K:$K,ThongKe_GV!E$1,TKB_HK2_Moi_Giang!$L:$L,ThongKe_GV!E$2)>0,"X","") | F99: =IF(COUNTIFS(TKB_HK2_Moi_Giang!$S:$S,ThongKe_GV!$C99,TKB_HK2_Moi_Giang!$K:$K,ThongKe_GV!F$1,TKB_HK2_Moi_Giang!$L:$L,ThongKe_GV!F$2)>0,"X","") | G99: =IF(COUNTIFS(TKB_HK2_Moi_Giang!$S:$S,ThongKe_GV!$C99,TKB_HK2_Moi_Giang!$K:$K,ThongKe_GV!G$1,TKB_HK2_Moi_Giang!$L:$L,ThongKe_GV!G$2)>0,"X","") | H99: =IF(COUNTIFS(TKB_HK2_Moi_Giang!$S:$S,ThongKe_GV!$C99,TKB_HK2_Moi_Giang!$K:$K,ThongKe_GV!H$1,TKB_HK2_Moi_Giang!$L:$L,ThongKe_GV!H$2)>0,"X","") | I99: =IF(COUNTIFS(TKB_HK2_Moi_Giang!$S:$S,ThongKe_GV!$C99,TKB_HK2_Moi_Giang!$K:$K,ThongKe_GV!I$1,TKB_HK2_Moi_Giang!$L:$L,ThongKe_GV!I$2)>0,"X","") | J99: =IF(COUNTIFS(TKB_HK2_Moi_Giang!$S:$S,ThongKe_GV!$C99,TKB_HK2_Moi_Giang!$K:$K,ThongKe_GV!J$1,TKB_HK2_Moi_Giang!$L:$L,ThongKe_GV!J$2)>0,"X","") | K99: =IF(COUNTIFS(TKB_HK2_Moi_Giang!$S:$S,ThongKe_GV!$C99,TKB_HK2_Moi_Giang!$K:$K,ThongKe_GV!K$1,TKB_HK2_Moi_Giang!$L:$L,ThongKe_GV!K$2)>0,"X","") | L99: =IF(COUNTIFS(TKB_HK2_Moi_Giang!$S:$S,ThongKe_GV!$C99,TKB_HK2_Moi_Giang!$K:$K,ThongKe_GV!L$1,TKB_HK2_Moi_Giang!$L:$L,ThongKe_GV!L$2)>0,"X","") | ... AB99: =IF(COUNTIFS(TKB_HK2_Moi_Giang!$S:$S,ThongKe_GV!$C99,TKB_HK2_Moi_Giang!$K:$K,ThongKe_GV!AB$1,TKB_HK2_Moi_Giang!$L:$L,ThongKe_GV!AB$2)>0,"X","")
A100: =IF(MID(B100,4,1)="Q","Quản trị",IF(MID(B100,4,1)="T","Thiết kế",IF(MID(B100,4,1)="N","Ngoại ngữ",IF(MID(B100,4,1)="C","Công nghệ",IF(MID(B100,4,1)="Y","Y dược",IF(MID(B100,4,1)="V","Văn hóa","")))))) -> Ngoại ngữ | B100: TG-NN058 | C100: Trần Trọng Tân | D100: trtrtan.shd.jp@gmail.com | F100: =IF(COUNTIFS(TKB_HK2_Moi_Giang!$S:$S,ThongKe_GV!$C100,TKB_HK2_Moi_Giang!$K:$K,ThongKe_GV!F$1,TKB_HK2_Moi_Giang!$L:$L,ThongKe_GV!F$2)>0,"X","") | G100: =IF(COUNTIFS(TKB_HK2_Moi_Giang!$S:$S,ThongKe_GV!$C100,TKB_HK2_Moi_Giang!$K:$K,ThongKe_GV!G$1,TKB_HK2_Moi_Giang!$L:$L,ThongKe_GV!G$2)>0,"X","") | H100: =IF(COUNTIFS(TKB_HK2_Moi_Giang!$S:$S,ThongKe_GV!$C100,TKB_HK2_Moi_Giang!$K:$K,ThongKe_GV!H$1,TKB_HK2_Moi_Giang!$L:$L,ThongKe_GV!H$2)>0,"X","") | I100: =IF(COUNTIFS(TKB_HK2_Moi_Giang!$S:$S,ThongKe_GV!$C100,TKB_HK2_Moi_Giang!$K:$K,ThongKe_GV!I$1,TKB_HK2_Moi_Giang!$L:$L,ThongKe_GV!I$2)>0,"X","") | J100: =IF(COUNTIFS(TKB_HK2_Moi_Giang!$S:$S,ThongKe_GV!$C100,TKB_HK2_Moi_Giang!$K:$K,ThongKe_GV!J$1,TKB_HK2_Moi_Giang!$L:$L,ThongKe_GV!J$2)>0,"X","") | K100: =IF(COUNTIFS(TKB_HK2_Moi_Giang!$S:$S,ThongKe_GV!$C100,TKB_HK2_Moi_Giang!$K:$K,ThongKe_GV!K$1,TKB_HK2_Moi_Giang!$L:$L,ThongKe_GV!K$2)>0,"X","") | L100: =IF(COUNTIFS(TKB_HK2_Moi_Giang!$S:$S,ThongKe_GV!$C100,TKB_HK2_Moi_Giang!$K:$K,ThongKe_GV!L$1,TKB_HK2_Moi_Giang!$L:$L,ThongKe_GV!L$2)>0,"X","") | M100: =IF(COUNTIFS(TKB_HK2_Moi_Giang!$S:$S,ThongKe_GV!$C100,TKB_HK2_Moi_Giang!$K:$K,ThongKe_GV!M$1,TKB_HK2_Moi_Giang!$L:$L,ThongKe_GV!M$2)>0,"X","") | ... AB100: =IF(COUNTIFS(TKB_HK2_Moi_Giang!$S:$S,ThongKe_GV!$C100,TKB_HK2_Moi_Giang!$K:$K,ThongKe_GV!AB$1,TKB_HK2_Moi_Giang!$L:$L,ThongKe_GV!AB$2)>0,"X","")
A101: =IF(MID(B101,4,1)="Q","Quản trị",IF(MID(B101,4,1)="T","Thiết kế",IF(MID(B101,4,1)="N","Ngoại ngữ",IF(MID(B101,4,1)="C","Công nghệ",IF(MID(B101,4,1)="Y","Y dược",IF(MID(B101,4,1)="V","Văn hóa","")))))) -> Y dược | B101: TG-YD058 | C101: Kiều Đăng Trung | D101: kdtrung95@gmail.com | E101: =IF(COUNTIFS(TKB_HK2_Moi_Giang!$S:$S,ThongKe_GV!$C101,TKB_HK2_Moi_Giang!$K:$K,ThongKe_GV!E$1,TKB_HK2_Moi_Giang!$L:$L,ThongKe_GV!E$2)>0,"X","") | F101: =IF(COUNTIFS(TKB_HK2_Moi_Giang!$S:$S,ThongKe_GV!$C101,TKB_HK2_Moi_Giang!$K:$K,ThongKe_GV!F$1,TKB_HK2_Moi_Giang!$L:$L,ThongKe_GV!F$2)>0,"X","") | G101: =IF(COUNTIFS(TKB_HK2_Moi_Giang!$S:$S,ThongKe_GV!$C101,TKB_HK2_Moi_Giang!$K:$K,ThongKe_GV!G$1,TKB_HK2_Moi_Giang!$L:$L,ThongKe_GV!G$2)>0,"X","") | H101: =IF(COUNTIFS(TKB_HK2_Moi_Giang!$S:$S,ThongKe_GV!$C101,TKB_HK2_Moi_Giang!$K:$K,ThongKe_GV!H$1,TKB_HK2_Moi_Giang!$L:$L,ThongKe_GV!H$2)>0,"X","") | I101: =IF(COUNTIFS(TKB_HK2_Moi_Giang!$S:$S,ThongKe_GV!$C101,TKB_HK2_Moi_Giang!$K:$K,ThongKe_GV!I$1,TKB_HK2_Moi_Giang!$L:$L,ThongKe_GV!I$2)>0,"X","") | J101: =IF(COUNTIFS(TKB_HK2_Moi_Giang!$S:$S,ThongKe_GV!$C101,TKB_HK2_Moi_Giang!$K:$K,ThongKe_GV!J$1,TKB_HK2_Moi_Giang!$L:$L,ThongKe_GV!J$2)>0,"X","") | K101: =IF(COUNTIFS(TKB_HK2_Moi_Giang!$S:$S,ThongKe_GV!$C101,TKB_HK2_Moi_Giang!$K:$K,ThongKe_GV!K$1,TKB_HK2_Moi_Giang!$L:$L,ThongKe_GV!K$2)>0,"X","") | L101: =IF(COUNTIFS(TKB_HK2_Moi_Giang!$S:$S,ThongKe_GV!$C101,TKB_HK2_Moi_Giang!$K:$K,ThongKe_GV!L$1,TKB_HK2_Moi_Giang!$L:$L,ThongKe_GV!L$2)>0,"X","") | ... AB101: =IF(COUNTIFS(TKB_HK2_Moi_Giang!$S:$S,ThongKe_GV!$C101,TKB_HK2_Moi_Giang!$K:$K,ThongKe_GV!AB$1,TKB_HK2_Moi_Giang!$L:$L,ThongKe_GV!AB$2)>0,"X","")
A102: =IF(MID(B102,4,1)="Q","Quản trị",IF(MID(B102,4,1)="T","Thiết kế",IF(MID(B102,4,1)="N","Ngoại ngữ",IF(MID(B102,4,1)="C","Công nghệ",IF(MID(B102,4,1)="Y","Y dược",IF(MID(B102,4,1)="V","Văn hóa","")))))) -> Công nghệ | B102: TG-CNTT021 | C102: Phạm Đào Minh Vũ | D102: phamdaominhvu@gmail.com | E102: =IF(COUNTIFS(TKB_HK2_Moi_Giang!$S:$S,ThongKe_GV!$C102,TKB_HK2_Moi_Giang!$K:$K,ThongKe_GV!E$1,TKB_HK2_Moi_Giang!$L:$L,ThongKe_GV!E$2)>0,"X","") | F102: =IF(COUNTIFS(TKB_HK2_Moi_Giang!$S:$S,ThongKe_GV!$C102,TKB_HK2_Moi_Giang!$K:$K,ThongKe_GV!F$1,TKB_HK2_Moi_Giang!$L:$L,ThongKe_GV!F$2)>0,"X","") | G102: =IF(COUNTIFS(TKB_HK2_Moi_Giang!$S:$S,ThongKe_GV!$C102,TKB_HK2_Moi_Giang!$K:$K,ThongKe_GV!G$1,TKB_HK2_Moi_Giang!$L:$L,ThongKe_GV!G$2)>0,"X","") | H102: =IF(COUNTIFS(TKB_HK2_Moi_Giang!$S:$S,ThongKe_GV!$C102,TKB_HK2_Moi_Giang!$K:$K,ThongKe_GV!H$1,TKB_HK2_Moi_Giang!$L:$L,ThongKe_GV!H$2)>0,"X","") | I102: =IF(COUNTIFS(TKB_HK2_Moi_Giang!$S:$S,ThongKe_GV!$C102,TKB_HK2_Moi_Giang!$K:$K,ThongKe_GV!I$1,TKB_HK2_Moi_Giang!$L:$L,ThongKe_GV!I$2)>0,"X","") | J102: =IF(COUNTIFS(TKB_HK2_Moi_Giang!$S:$S,ThongKe_GV!$C102,TKB_HK2_Moi_Giang!$K:$K,ThongKe_GV!J$1,TKB_HK2_Moi_Giang!$L:$L,ThongKe_GV!J$2)>0,"X","") | K102: =IF(COUNTIFS(TKB_HK2_Moi_Giang!$S:$S,ThongKe_GV!$C102,TKB_HK2_Moi_Giang!$K:$K,ThongKe_GV!K$1,TKB_HK2_Moi_Giang!$L:$L,ThongKe_GV!K$2)>0,"X","") | L102: =IF(COUNTIFS(TKB_HK2_Moi_Giang!$S:$S,ThongKe_GV!$C102,TKB_HK2_Moi_Giang!$K:$K,ThongKe_GV!L$1,TKB_HK2_Moi_Giang!$L:$L,ThongKe_GV!L$2)>0,"X","") | ... AB102: =IF(COUNTIFS(TKB_HK2_Moi_Giang!$S:$S,ThongKe_GV!$C102,TKB_HK2_Moi_Giang!$K:$K,ThongKe_GV!AB$1,TKB_HK2_Moi_Giang!$L:$L,ThongKe_GV!AB$2)>0,"X","")
A103: =IF(MID(B103,4,1)="Q","Quản trị",IF(MID(B103,4,1)="T","Thiết kế",IF(MID(B103,4,1)="N","Ngoại ngữ",IF(MID(B103,4,1)="C","Công nghệ",IF(MID(B103,4,1)="Y","Y dược",IF(MID(B103,4,1)="V","Văn hóa","")))))) -> Quản trị | B103: TG-QT076 | C103: Đặng Phương Toàn | D103: phuongtoan.dang@gmail.com | E103: =IF(COUNTIFS(TKB_HK2_Moi_Giang!$S:$S,ThongKe_GV!$C103,TKB_HK2_Moi_Giang!$K:$K,ThongKe_GV!E$1,TKB_HK2_Moi_Giang!$L:$L,ThongKe_GV!E$2)>0,"X","") | F103: =IF(COUNTIFS(TKB_HK2_Moi_Giang!$S:$S,ThongKe_GV!$C103,TKB_HK2_Moi_Giang!$K:$K,ThongKe_GV!F$1,TKB_HK2_Moi_Giang!$L:$L,ThongKe_GV!F$2)>0,"X","") | G103: =IF(COUNTIFS(TKB_HK2_Moi_Giang!$S:$S,ThongKe_GV!$C103,TKB_HK2_Moi_Giang!$K:$K,ThongKe_GV!G$1,TKB_HK2_Moi_Giang!$L:$L,ThongKe_GV!G$2)>0,"X","") | H103: =IF(COUNTIFS(TKB_HK2_Moi_Giang!$S:$S,ThongKe_GV!$C103,TKB_HK2_Moi_Giang!$K:$K,ThongKe_GV!H$1,TKB_HK2_Moi_Giang!$L:$L,ThongKe_GV!H$2)>0,"X","") | I103: =IF(COUNTIFS(TKB_HK2_Moi_Giang!$S:$S,ThongKe_GV!$C103,TKB_HK2_Moi_Giang!$K:$K,ThongKe_GV!I$1,TKB_HK2_Moi_Giang!$L:$L,ThongKe_GV!I$2)>0,"X","") | J103: =IF(COUNTIFS(TKB_HK2_Moi_Giang!$S:$S,ThongKe_GV!$C103,TKB_HK2_Moi_Giang!$K:$K,ThongKe_GV!J$1,TKB_HK2_Moi_Giang!$L:$L,ThongKe_GV!J$2)>0,"X","") | K103: =IF(COUNTIFS(TKB_HK2_Moi_Giang!$S:$S,ThongKe_GV!$C103,TKB_HK2_Moi_Giang!$K:$K,ThongKe_GV!K$1,TKB_HK2_Moi_Giang!$L:$L,ThongKe_GV!K$2)>0,"X","") | L103: =IF(COUNTIFS(TKB_HK2_Moi_Giang!$S:$S,ThongKe_GV!$C103,TKB_HK2_Moi_Giang!$K:$K,ThongKe_GV!L$1,TKB_HK2_Moi_Giang!$L:$L,ThongKe_GV!L$2)>0,"X","") | ... AB103: =IF(COUNTIFS(TKB_HK2_Moi_Giang!$S:$S,ThongKe_GV!$C103,TKB_HK2_Moi_Giang!$K:$K,ThongKe_GV!AB$1,TKB_HK2_Moi_Giang!$L:$L,ThongKe_GV!AB$2)>0,"X","")
A104: =IF(MID(B104,4,1)="Q","Quản trị",IF(MID(B104,4,1)="T","Thiết kế",IF(MID(B104,4,1)="N","Ngoại ngữ",IF(MID(B104,4,1)="C","Công nghệ",IF(MID(B104,4,1)="Y","Y dược",IF(MID(B104,4,1)="V","Văn hóa","")))))) -> Văn hóa | B104: TG-VH016 | C104: Nguyễn Thị Kim Ngân | D104: kimngan.teacher@gmail.com | E104: =IF(COUNTIFS(TKB_HK2_Moi_Giang!$S:$S,ThongKe_GV!$C104,TKB_HK2_Moi_Giang!$K:$K,ThongKe_GV!E$1,TKB_HK2_Moi_Giang!$L:$L,ThongKe_GV!E$2)>0,"X","") | F104: =IF(COUNTIFS(TKB_HK2_Moi_Giang!$S:$S,ThongKe_GV!$C104,TKB_HK2_Moi_Giang!$K:$K,ThongKe_GV!F$1,TKB_HK2_Moi_Giang!$L:$L,ThongKe_GV!F$2)>0,"X","") | G104: =IF(COUNTIFS(TKB_HK2_Moi_Giang!$S:$S,ThongKe_GV!$C104,TKB_HK2_Moi_Giang!$K:$K,ThongKe_GV!G$1,TKB_HK2_Moi_Giang!$L:$L,ThongKe_GV!G$2)>0,"X","") | H104: =IF(COUNTIFS(TKB_HK2_Moi_Giang!$S:$S,ThongKe_GV!$C104,TKB_HK2_Moi_Giang!$K:$K,ThongKe_GV!H$1,TKB_HK2_Moi_Giang!$L:$L,ThongKe_GV!H$2)>0,"X","") | I104: =IF(COUNTIFS(TKB_HK2_Moi_Giang!$S:$S,ThongKe_GV!$C104,TKB_HK2_Moi_Giang!$K:$K,ThongKe_GV!I$1,TKB_HK2_Moi_Giang!$L:$L,ThongKe_GV!I$2)>0,"X","") | J104: =IF(COUNTIFS(TKB_HK2_Moi_Giang!$S:$S,ThongKe_GV!$C104,TKB_HK2_Moi_Giang!$K:$K,ThongKe_GV!J$1,TKB_HK2_Moi_Giang!$L:$L,ThongKe_GV!J$2)>0,"X","") | K104: =IF(COUNTIFS(TKB_HK2_Moi_Giang!$S:$S,ThongKe_GV!$C104,TKB_HK2_Moi_Giang!$K:$K,ThongKe_GV!K$1,TKB_HK2_Moi_Giang!$L:$L,ThongKe_GV!K$2)>0,"X","") | L104: =IF(COUNTIFS(TKB_HK2_Moi_Giang!$S:$S,ThongKe_GV!$C104,TKB_HK2_Moi_Giang!$K:$K,ThongKe_GV!L$1,TKB_HK2_Moi_Giang!$L:$L,ThongKe_GV!L$2)>0,"X","") | ... AB104: =IF(COUNTIFS(TKB_HK2_Moi_Giang!$S:$S,ThongKe_GV!$C104,TKB_HK2_Moi_Giang!$K:$K,ThongKe_GV!AB$1,TKB_HK2_Moi_Giang!$L:$L,ThongKe_GV!AB$2)>0,"X","")
A105: =IF(MID(B105,4,1)="Q","Quản trị",IF(MID(B105,4,1)="T","Thiết kế",IF(MID(B105,4,1)="N","Ngoại ngữ",IF(MID(B105,4,1)="C","Công nghệ",IF(MID(B105,4,1)="Y","Y dược",IF(MID(B105,4,1)="V","Văn hóa","")))))) -> Quản trị | B105: TG-QT083 | C105: Phạm Hoàng Nhân | D105: phamhoangnhansafi@gmail.com | E105: =IF(COUNTIFS(TKB_HK2_Moi_Giang!$S:$S,ThongKe_GV!$C105,TKB_HK2_Moi_Giang!$K:$K,ThongKe_GV!E$1,TKB_HK2_Moi_Giang!$L:$L,ThongKe_GV!E$2)>0,"X","") | F105: =IF(COUNTIFS(TKB_HK2_Moi_Giang!$S:$S,ThongKe_GV!$C105,TKB_HK2_Moi_Giang!$K:$K,ThongKe_GV!F$1,TKB_HK2_Moi_Giang!$L:$L,ThongKe_GV!F$2)>0,"X","") | G105: =IF(COUNTIFS(TKB_HK2_Moi_Giang!$S:$S,ThongKe_GV!$C105,TKB_HK2_Moi_Giang!$K:$K,ThongKe_GV!G$1,TKB_HK2_Moi_Giang!$L:$L,ThongKe_GV!G$2)>0,"X","") | H105: =IF(COUNTIFS(TKB_HK2_Moi_Giang!$S:$S,ThongKe_GV!$C105,TKB_HK2_Moi_Giang!$K:$K,ThongKe_GV!H$1,TKB_HK2_Moi_Giang!$L:$L,ThongKe_GV!H$2)>0,"X","") | I105: =IF(COUNTIFS(TKB_HK2_Moi_Giang!$S:$S,ThongKe_GV!$C105,TKB_HK2_Moi_Giang!$K:$K,ThongKe_GV!I$1,TKB_HK2_Moi_Giang!$L:$L,ThongKe_GV!I$2)>0,"X","") | J105: =IF(COUNTIFS(TKB_HK2_Moi_Giang!$S:$S,ThongKe_GV!$C105,TKB_HK2_Moi_Giang!$K:$K,ThongKe_GV!J$1,TKB_HK2_Moi_Giang!$L:$L,ThongKe_GV!J$2)>0,"X","") | K105: =IF(COUNTIFS(TKB_HK2_Moi_Giang!$S:$S,ThongKe_GV!$C105,TKB_HK2_Moi_Giang!$K:$K,ThongKe_GV!K$1,TKB_HK2_Moi_Giang!$L:$L,ThongKe_GV!K$2)>0,"X","") | L105: =IF(COUNTIFS(TKB_HK2_Moi_Giang!$S:$S,ThongKe_GV!$C105,TKB_HK2_Moi_Giang!$K:$K,ThongKe_GV!L$1,TKB_HK2_Moi_Giang!$L:$L,ThongKe_GV!L$2)>0,"X","") | ... AB105: =IF(COUNTIFS(TKB_HK2_Moi_Giang!$S:$S,ThongKe_GV!$C105,TKB_HK2_Moi_Giang!$K:$K,ThongKe_GV!AB$1,TKB_HK2_Moi_Giang!$L:$L,ThongKe_GV!AB$2)>0,"X","")
A106: =IF(MID(B106,4,1)="Q","Quản trị",IF(MID(B106,4,1)="T","Thiết kế",IF(MID(B106,4,1)="N","Ngoại ngữ",IF(MID(B106,4,1)="C","Công nghệ",IF(MID(B106,4,1)="Y","Y dược",IF(MID(B106,4,1)="V","Văn hóa","")))))) -> Y dược | B106: TG-YD045 | C106: Nguyễn Thị Mỹ Dum | D106: mydumnt@gmail.com | E106: =IF(COUNTIFS(TKB_HK2_Moi_Giang!$S:$S,ThongKe_GV!$C106,TKB_HK2_Moi_Giang!$K:$K,ThongKe_GV!E$1,TKB_HK2_Moi_Giang!$L:$L,ThongKe_GV!E$2)>0,"X","") | F106: =IF(COUNTIFS(TKB_HK2_Moi_Giang!$S:$S,ThongKe_GV!$C106,TKB_HK2_Moi_Giang!$K:$K,ThongKe_GV!F$1,TKB_HK2_Moi_Giang!$L:$L,ThongKe_GV!F$2)>0,"X","") | G106: =IF(COUNTIFS(TKB_HK2_Moi_Giang!$S:$S,ThongKe_GV!$C106,TKB_HK2_Moi_Giang!$K:$K,ThongKe_GV!G$1,TKB_HK2_Moi_Giang!$L:$L,ThongKe_GV!G$2)>0,"X","") | H106: =IF(COUNTIFS(TKB_HK2_Moi_Giang!$S:$S,ThongKe_GV!$C106,TKB_HK2_Moi_Giang!$K:$K,ThongKe_GV!H$1,TKB_HK2_Moi_Giang!$L:$L,ThongKe_GV!H$2)>0,"X","") | I106: =IF(COUNTIFS(TKB_HK2_Moi_Giang!$S:$S,ThongKe_GV!$C106,TKB_HK2_Moi_Giang!$K:$K,ThongKe_GV!I$1,TKB_HK2_Moi_Giang!$L:$L,ThongKe_GV!I$2)>0,"X","") | J106: =IF(COUNTIFS(TKB_HK2_Moi_Giang!$S:$S,ThongKe_GV!$C106,TKB_HK2_Moi_Giang!$K:$K,ThongKe_GV!J$1,TKB_HK2_Moi_Giang!$L:$L,ThongKe_GV!J$2)>0,"X","") | K106: =IF(COUNTIFS(TKB_HK2_Moi_Giang!$S:$S,ThongKe_GV!$C106,TKB_HK2_Moi_Giang!$K:$K,ThongKe_GV!K$1,TKB_HK2_Moi_Giang!$L:$L,ThongKe_GV!K$2)>0,"X","") | L106: =IF(COUNTIFS(TKB_HK2_Moi_Giang!$S:$S,ThongKe_GV!$C106,TKB_HK2_Moi_Giang!$K:$K,ThongKe_GV!L$1,TKB_HK2_Moi_Giang!$L:$L,ThongKe_GV!L$2)>0,"X","") | ... AB106: =IF(COUNTIFS(TKB_HK2_Moi_Giang!$S:$S,ThongKe_GV!$C106,TKB_HK2_Moi_Giang!$K:$K,ThongKe_GV!AB$1,TKB_HK2_Moi_Giang!$L:$L,ThongKe_GV!AB$2)>0,"X","")
A107: =IF(MID(B107,4,1)="Q","Quản trị",IF(MID(B107,4,1)="T","Thiết kế",IF(MID(B107,4,1)="N","Ngoại ngữ",IF(MID(B107,4,1)="C","Công nghệ",IF(MID(B107,4,1)="Y","Y dược",IF(MID(B107,4,1)="V","Văn hóa","")))))) -> Ngoại ngữ | B107: TG-NN093 | C107: Huỳnh Phước Tường | D107: ptuong643@gmail.com | E107: =IF(COUNTIFS(TKB_HK2_Moi_Giang!$S:$S,ThongKe_GV!$C107,TKB_HK2_Moi_Giang!$K:$K,ThongKe_GV!E$1,TKB_HK2_Moi_Giang!$L:$L,ThongKe_GV!E$2)>0,"X","") | F107: =IF(COUNTIFS(TKB_HK2_Moi_Giang!$S:$S,ThongKe_GV!$C107,TKB_HK2_Moi_Giang!$K:$K,ThongKe_GV!F$1,TKB_HK2_Moi_Giang!$L:$L,ThongKe_GV!F$2)>0,"X","") | G107: =IF(COUNTIFS(TKB_HK2_Moi_Giang!$S:$S,ThongKe_GV!$C107,TKB_HK2_Moi_Giang!$K:$K,ThongKe_GV!G$1,TKB_HK2_Moi_Giang!$L:$L,ThongKe_GV!G$2)>0,"X","") | H107: =IF(COUNTIFS(TKB_HK2_Moi_Giang!$S:$S,ThongKe_GV!$C107,TKB_HK2_Moi_Giang!$K:$K,ThongKe_GV!H$1,TKB_HK2_Moi_Giang!$L:$L,ThongKe_GV!H$2)>0,"X","") | I107: =IF(COUNTIFS(TKB_HK2_Moi_Giang!$S:$S,ThongKe_GV!$C107,TKB_HK2_Moi_Giang!$K:$K,ThongKe_GV!I$1,TKB_HK2_Moi_Giang!$L:$L,ThongKe_GV!I$2)>0,"X","") | J107: =IF(COUNTIFS(TKB_HK2_Moi_Giang!$S:$S,ThongKe_GV!$C107,TKB_HK2_Moi_Giang!$K:$K,ThongKe_GV!J$1,TKB_HK2_Moi_Giang!$L:$L,ThongKe_GV!J$2)>0,"X","") | K107: =IF(COUNTIFS(TKB_HK2_Moi_Giang!$S:$S,ThongKe_GV!$C107,TKB_HK2_Moi_Giang!$K:$K,ThongKe_GV!K$1,TKB_HK2_Moi_Giang!$L:$L,ThongKe_GV!K$2)>0,"X","") | L107: =IF(COUNTIFS(TKB_HK2_Moi_Giang!$S:$S,ThongKe_GV!$C107,TKB_HK2_Moi_Giang!$K:$K,ThongKe_GV!L$1,TKB_HK2_Moi_Giang!$L:$L,ThongKe_GV!L$2)>0,"X","") | ... AB107: =IF(COUNTIFS(TKB_HK2_Moi_Giang!$S:$S,ThongKe_GV!$C107,TKB_HK2_Moi_Giang!$K:$K,ThongKe_GV!AB$1,TKB_HK2_Moi_Giang!$L:$L,ThongKe_GV!AB$2)>0,"X","")
A108: =IF(MID(B108,4,1)="Q","Quản trị",IF(MID(B108,4,1)="T","Thiết kế",IF(MID(B108,4,1)="N","Ngoại ngữ",IF(MID(B108,4,1)="C","Công nghệ",IF(MID(B108,4,1)="Y","Y dược",IF(MID(B108,4,1)="V","Văn hóa","")))))) -> Thiết kế | B108: TG-TK26 | C108: Nguyễn Duy Thanh | D108: thanhpdu@gmail.com | E108: =IF(COUNTIFS(TKB_HK2_Moi_Giang!$S:$S,ThongKe_GV!$C108,TKB_HK2_Moi_Giang!$K:$K,ThongKe_GV!E$1,TKB_HK2_Moi_Giang!$L:$L,ThongKe_GV!E$2)>0,"X","") | F108: =IF(COUNTIFS(TKB_HK2_Moi_Giang!$S:$S,ThongKe_GV!$C108,TKB_HK2_Moi_Giang!$K:$K,ThongKe_GV!F$1,TKB_HK2_Moi_Giang!$L:$L,ThongKe_GV!F$2)>0,"X","") | G108: =IF(COUNTIFS(TKB_HK2_Moi_Giang!$S:$S,ThongKe_GV!$C108,TKB_HK2_Moi_Giang!$K:$K,ThongKe_GV!G$1,TKB_HK2_Moi_Giang!$L:$L,ThongKe_GV!G$2)>0,"X","") | H108: =IF(COUNTIFS(TKB_HK2_Moi_Giang!$S:$S,ThongKe_GV!$C108,TKB_HK2_Moi_Giang!$K:$K,ThongKe_GV!H$1,TKB_HK2_Moi_Giang!$L:$L,ThongKe_GV!H$2)>0,"X","") | I108: =IF(COUNTIFS(TKB_HK2_Moi_Giang!$S:$S,ThongKe_GV!$C108,TKB_HK2_Moi_Giang!$K:$K,ThongKe_GV!I$1,TKB_HK2_Moi_Giang!$L:$L,ThongKe_GV!I$2)>0,"X","") | J108: =IF(COUNTIFS(TKB_HK2_Moi_Giang!$S:$S,ThongKe_GV!$C108,TKB_HK2_Moi_Giang!$K:$K,ThongKe_GV!J$1,TKB_HK2_Moi_Giang!$L:$L,ThongKe_GV!J$2)>0,"X","") | K108: =IF(COUNTIFS(TKB_HK2_Moi_Giang!$S:$S,ThongKe_GV!$C108,TKB_HK2_Moi_Giang!$K:$K,ThongKe_GV!K$1,TKB_HK2_Moi_Giang!$L:$L,ThongKe_GV!K$2)>0,"X","") | L108: =IF(COUNTIFS(TKB_HK2_Moi_Giang!$S:$S,ThongKe_GV!$C108,TKB_HK2_Moi_Giang!$K:$K,ThongKe_GV!L$1,TKB_HK2_Moi_Giang!$L:$L,ThongKe_GV!L$2)>0,"X","") | ... AB108: =IF(COUNTIFS(TKB_HK2_Moi_Giang!$S:$S,ThongKe_GV!$C108,TKB_HK2_Moi_Giang!$K:$K,ThongKe_GV!AB$1,TKB_HK2_Moi_Giang!$L:$L,ThongKe_GV!AB$2)>0,"X","")
A109: =IF(MID(B109,4,1)="Q","Quản trị",IF(MID(B109,4,1)="T","Thiết kế",IF(MID(B109,4,1)="N","Ngoại ngữ",IF(MID(B109,4,1)="C","Công nghệ",IF(MID(B109,4,1)="Y","Y dược",IF(MID(B109,4,1)="V","Văn hóa","")))))) -> Văn hóa | B109: TG-VH001 | C109: Lương Văn Hùng | D109: luonghung365@gmail.com | E109: =IF(COUNTIFS(TKB_HK2_Moi_Giang!$S:$S,ThongKe_GV!$C109,TKB_HK2_Moi_Giang!$K:$K,ThongKe_GV!E$1,TKB_HK2_Moi_Giang!$L:$L,ThongKe_GV!E$2)>0,"X","") | F109: =IF(COUNTIFS(TKB_HK2_Moi_Giang!$S:$S,ThongKe_GV!$C109,TKB_HK2_Moi_Giang!$K:$K,ThongKe_GV!F$1,TKB_HK2_Moi_Giang!$L:$L,ThongKe_GV!F$2)>0,"X","") | G109: =IF(COUNTIFS(TKB_HK2_Moi_Giang!$S:$S,ThongKe_GV!$C109,TKB_HK2_Moi_Giang!$K:$K,ThongKe_GV!G$1,TKB_HK2_Moi_Giang!$L:$L,ThongKe_GV!G$2)>0,"X","") | H109: =IF(COUNTIFS(TKB_HK2_Moi_Giang!$S:$S,ThongKe_GV!$C109,TKB_HK2_Moi_Giang!$K:$K,ThongKe_GV!H$1,TKB_HK2_Moi_Giang!$L:$L,ThongKe_GV!H$2)>0,"X","") | I109: =IF(COUNTIFS(TKB_HK2_Moi_Giang!$S:$S,ThongKe_GV!$C109,TKB_HK2_Moi_Giang!$K:$K,ThongKe_GV!I$1,TKB_HK2_Moi_Giang!$L:$L,ThongKe_GV!I$2)>0,"X","") | J109: =IF(COUNTIFS(TKB_HK2_Moi_Giang!$S:$S,ThongKe_GV!$C109,TKB_HK2_Moi_Giang!$K:$K,ThongKe_GV!J$1,TKB_HK2_Moi_Giang!$L:$L,ThongKe_GV!J$2)>0,"X","") | K109: =IF(COUNTIFS(TKB_HK2_Moi_Giang!$S:$S,ThongKe_GV!$C109,TKB_HK2_Moi_Giang!$K:$K,ThongKe_GV!K$1,TKB_HK2_Moi_Giang!$L:$L,ThongKe_GV!K$2)>0,"X","") | L109: =IF(COUNTIFS(TKB_HK2_Moi_Giang!$S:$S,ThongKe_GV!$C109,TKB_HK2_Moi_Giang!$K:$K,ThongKe_GV!L$1,TKB_HK2_Moi_Giang!$L:$L,ThongKe_GV!L$2)>0,"X","") | ... AB109: =IF(COUNTIFS(TKB_HK2_Moi_Giang!$S:$S,ThongKe_GV!$C109,TKB_HK2_Moi_Giang!$K:$K,ThongKe_GV!AB$1,TKB_HK2_Moi_Giang!$L:$L,ThongKe_GV!AB$2)>0,"X","")
A110: =IF(MID(B110,4,1)="Q","Quản trị",IF(MID(B110,4,1)="T","Thiết kế",IF(MID(B110,4,1)="N","Ngoại ngữ",IF(MID(B110,4,1)="C","Công nghệ",IF(MID(B110,4,1)="Y","Y dược",IF(MID(B110,4,1)="V","Văn hóa","")))))) -> Ngoại ngữ | B110: tuan.nguyen | C110: Nguyễn Duy Tuấn | D110: duytuan.94.1997@gmail.com | E110: =IF(COUNTIFS(TKB_HK2_Moi_Giang!$S:$S,ThongKe_GV!$C110,TKB_HK2_Moi_Giang!$K:$K,ThongKe_GV!E$1,TKB_HK2_Moi_Giang!$L:$L,ThongKe_GV!E$2)>0,"X","") | F110: =IF(COUNTIFS(TKB_HK2_Moi_Giang!$S:$S,ThongKe_GV!$C110,TKB_HK2_Moi_Giang!$K:$K,ThongKe_GV!F$1,TKB_HK2_Moi_Giang!$L:$L,ThongKe_GV!F$2)>0,"X","") | G110: =IF(COUNTIFS(TKB_HK2_Moi_Giang!$S:$S,ThongKe_GV!$C110,TKB_HK2_Moi_Giang!$K:$K,ThongKe_GV!G$1,TKB_HK2_Moi_Giang!$L:$L,ThongKe_GV!G$2)>0,"X","") | H110: =IF(COUNTIFS(TKB_HK2_Moi_Giang!$S:$S,ThongKe_GV!$C110,TKB_HK2_Moi_Giang!$K:$K,ThongKe_GV!H$1,TKB_HK2_Moi_Giang!$L:$L,ThongKe_GV!H$2)>0,"X","") | I110: =IF(COUNTIFS(TKB_HK2_Moi_Giang!$S:$S,ThongKe_GV!$C110,TKB_HK2_Moi_Giang!$K:$K,ThongKe_GV!I$1,TKB_HK2_Moi_Giang!$L:$L,ThongKe_GV!I$2)>0,"X","") | J110: =IF(COUNTIFS(TKB_HK2_Moi_Giang!$S:$S,ThongKe_GV!$C110,TKB_HK2_Moi_Giang!$K:$K,ThongKe_GV!J$1,TKB_HK2_Moi_Giang!$L:$L,ThongKe_GV!J$2)>0,"X","") | K110: =IF(COUNTIFS(TKB_HK2_Moi_Giang!$S:$S,ThongKe_GV!$C110,TKB_HK2_Moi_Giang!$K:$K,ThongKe_GV!K$1,TKB_HK2_Moi_Giang!$L:$L,ThongKe_GV!K$2)>0,"X","") | L110: =IF(COUNTIFS(TKB_HK2_Moi_Giang!$S:$S,ThongKe_GV!$C110,TKB_HK2_Moi_Giang!$K:$K,ThongKe_GV!L$1,TKB_HK2_Moi_Giang!$L:$L,ThongKe_GV!L$2)>0,"X","") | ... AB110: =IF(COUNTIFS(TKB_HK2_Moi_Giang!$S:$S,ThongKe_GV!$C110,TKB_HK2_Moi_Giang!$K:$K,ThongKe_GV!AB$1,TKB_HK2_Moi_Giang!$L:$L,ThongKe_GV!AB$2)>0,"X","")
A111: =IF(MID(B111,4,1)="Q","Quản trị",IF(MID(B111,4,1)="T","Thiết kế",IF(MID(B111,4,1)="N","Ngoại ngữ",IF(MID(B111,4,1)="C","Công nghệ",IF(MID(B111,4,1)="Y","Y dược",IF(MID(B111,4,1)="V","Văn hóa","")))))) | B111: tuyetvdth | C111: Võ Đào Thị Hồng Tuyết | D111: vodaothihongtuyet@hotec.edu.vn | E111: =IF(COUNTIFS(TKB_HK2_Moi_Giang!$S:$S,ThongKe_GV!$C111,TKB_HK2_Moi_Giang!$K:$K,ThongKe_GV!E$1,TKB_HK2_Moi_Giang!$L:$L,ThongKe_GV!E$2)>0,"X","") | F111: =IF(COUNTIFS(TKB_HK2_Moi_Giang!$S:$S,ThongKe_GV!$C111,TKB_HK2_Moi_Giang!$K:$K,ThongKe_GV!F$1,TKB_HK2_Moi_Giang!$L:$L,ThongKe_GV!F$2)>0,"X","") | G111: =IF(COUNTIFS(TKB_HK2_Moi_Giang!$S:$S,ThongKe_GV!$C111,TKB_HK2_Moi_Giang!$K:$K,ThongKe_GV!G$1,TKB_HK2_Moi_Giang!$L:$L,ThongKe_GV!G$2)>0,"X","") | H111: =IF(COUNTIFS(TKB_HK2_Moi_Giang!$S:$S,ThongKe_GV!$C111,TKB_HK2_Moi_Giang!$K:$K,ThongKe_GV!H$1,TKB_HK2_Moi_Giang!$L:$L,ThongKe_GV!H$2)>0,"X","") | I111: =IF(COUNTIFS(TKB_HK2_Moi_Giang!$S:$S,ThongKe_GV!$C111,TKB_HK2_Moi_Giang!$K:$K,ThongKe_GV!I$1,TKB_HK2_Moi_Giang!$L:$L,ThongKe_GV!I$2)>0,"X","") | J111: =IF(COUNTIFS(TKB_HK2_Moi_Giang!$S:$S,ThongKe_GV!$C111,TKB_HK2_Moi_Giang!$K:$K,ThongKe_GV!J$1,TKB_HK2_Moi_Giang!$L:$L,ThongKe_GV!J$2)>0,"X","") | K111: =IF(COUNTIFS(TKB_HK2_Moi_Giang!$S:$S,ThongKe_GV!$C111,TKB_HK2_Moi_Giang!$K:$K,ThongKe_GV!K$1,TKB_HK2_Moi_Giang!$L:$L,ThongKe_GV!K$2)>0,"X","") | L111: =IF(COUNTIFS(TKB_HK2_Moi_Giang!$S:$S,ThongKe_GV!$C111,TKB_HK2_Moi_Giang!$K:$K,ThongKe_GV!L$1,TKB_HK2_Moi_Giang!$L:$L,ThongKe_GV!L$2)>0,"X","") | ... AB111: =IF(COUNTIFS(TKB_HK2_Moi_Giang!$S:$S,ThongKe_GV!$C111,TKB_HK2_Moi_Giang!$K:$K,ThongKe_GV!AB$1,TKB_HK2_Moi_Giang!$L:$L,ThongKe_GV!AB$2)>0,"X","")
A112: =IF(MID(B112,4,1)="Q","Quản trị",IF(MID(B112,4,1)="T","Thiết kế",IF(MID(B112,4,1)="N","Ngoại ngữ",IF(MID(B112,4,1)="C","Công nghệ",IF(MID(B112,4,1)="Y","Y dược",IF(MID(B112,4,1)="V","Văn hóa","")))))) -> Quản trị | B112: TG-QT108 | C112: Phùng Thị Kiều Oanh | D112: kieuoanhtn2001@gmail.com | E112: =IF(COUNTIFS(TKB_HK2_Moi_Giang!$S:$S,ThongKe_GV!$C112,TKB_HK2_Moi_Giang!$K:$K,ThongKe_GV!E$1,TKB_HK2_Moi_Giang!$L:$L,ThongKe_GV!E$2)>0,"X","") -> X | F112: =IF(COUNTIFS(TKB_HK2_Moi_Giang!$S:$S,ThongKe_GV!$C112,TKB_HK2_Moi_Giang!$K:$K,ThongKe_GV!F$1,TKB_HK2_Moi_Giang!$L:$L,ThongKe_GV!F$2)>0,"X","") -> X | G112: =IF(COUNTIFS(TKB_HK2_Moi_Giang!$S:$S,ThongKe_GV!$C112,TKB_HK2_Moi_Giang!$K:$K,ThongKe_GV!G$1,TKB_HK2_Moi_Giang!$L:$L,ThongKe_GV!G$2)>0,"X","") | H112: =IF(COUNTIFS(TKB_HK2_Moi_Giang!$S:$S,ThongKe_GV!$C112,TKB_HK2_Moi_Giang!$K:$K,ThongKe_GV!H$1,TKB_HK2_Moi_Giang!$L:$L,ThongKe_GV!H$2)>0,"X","") -> X | I112: =IF(COUNTIFS(TKB_HK2_Moi_Giang!$S:$S,ThongKe_GV!$C112,TKB_HK2_Moi_Giang!$K:$K,ThongKe_GV!I$1,TKB_HK2_Moi_Giang!$L:$L,ThongKe_GV!I$2)>0,"X","") -> X | J112: =IF(COUNTIFS(TKB_HK2_Moi_Giang!$S:$S,ThongKe_GV!$C112,TKB_HK2_Moi_Giang!$K:$K,ThongKe_GV!J$1,TKB_HK2_Moi_Giang!$L:$L,ThongKe_GV!J$2)>0,"X","") | K112: =IF(COUNTIFS(TKB_HK2_Moi_Giang!$S:$S,ThongKe_GV!$C112,TKB_HK2_Moi_Giang!$K:$K,ThongKe_GV!K$1,TKB_HK2_Moi_Giang!$L:$L,ThongKe_GV!K$2)>0,"X","") | L112: =IF(COUNTIFS(TKB_HK2_Moi_Giang!$S:$S,ThongKe_GV!$C112,TKB_HK2_Moi_Giang!$K:$K,ThongKe_GV!L$1,TKB_HK2_Moi_Giang!$L:$L,ThongKe_GV!L$2)>0,"X","") | ... AB112: =IF(COUNTIFS(TKB_HK2_Moi_Giang!$S:$S,ThongKe_GV!$C112,TKB_HK2_Moi_Giang!$K:$K,ThongKe_GV!AB$1,TKB_HK2_Moi_Giang!$L:$L,ThongKe_GV!AB$2)>0,"X","")
... A182: =IF(MID(B182,4,1)="Q","Quản trị",IF(MID(B182,4,1)="T","Thiết kế",IF(MID(B182,4,1)="N","Ngoại ngữ",IF(MID(B182,4,1)="C","Công nghệ",IF(MID(B182,4,1)="Y","Y dược",IF(MID(B182,4,1)="V","Văn hóa","")))))) -> Thiết kế | B182: TG-TA37 | C182: Trần Tuyết Phượng | D182: trantuyetphuong@gmail.com | E182: =IF(COUNTIFS(TKB_HK2_Moi_Giang!$S:$S,ThongKe_GV!$C182,TKB_HK2_Moi_Giang!$K:$K,ThongKe_GV!E$1,TKB_HK2_Moi_Giang!$L:$L,ThongKe_GV!E$2)>0,"X","") | F182: =IF(COUNTIFS(TKB_HK2_Moi_Giang!$S:$S,ThongKe_GV!$C182,TKB_HK2_Moi_Giang!$K:$K,ThongKe_GV!F$1,TKB_HK2_Moi_Giang!$L:$L,ThongKe_GV!F$2)>0,"X","") | G182: =IF(COUNTIFS(TKB_HK2_Moi_Giang!$S:$S,ThongKe_GV!$C182,TKB_HK2_Moi_Giang!$K:$K,ThongKe_GV!G$1,TKB_HK2_Moi_Giang!$L:$L,ThongKe_GV!G$2)>0,"X","") | H182: =IF(COUNTIFS(TKB_HK2_Moi_Giang!$S:$S,ThongKe_GV!$C182,TKB_HK2_Moi_Giang!$K:$K,ThongKe_GV!H$1,TKB_HK2_Moi_Giang!$L:$L,ThongKe_GV!H$2)>0,"X","") | I182: =IF(COUNTIFS(TKB_HK2_Moi_Giang!$S:$S,ThongKe_GV!$C182,TKB_HK2_Moi_Giang!$K:$K,ThongKe_GV!I$1,TKB_HK2_Moi_Giang!$L:$L,ThongKe_GV!I$2)>0,"X","") | J182: =IF(COUNTIFS(TKB_HK2_Moi_Giang!$S:$S,ThongKe_GV!$C182,TKB_HK2_Moi_Giang!$K:$K,ThongKe_GV!J$1,TKB_HK2_Moi_Giang!$L:$L,ThongKe_GV!J$2)>0,"X","") | K182: =IF(COUNTIFS(TKB_HK2_Moi_Giang!$S:$S,ThongKe_GV!$C182,TKB_HK2_Moi_Giang!$K:$K,ThongKe_GV!K$1,TKB_HK2_Moi_Giang!$L:$L,ThongKe_GV!K$2)>0,"X","") | L182: =IF(COUNTIFS(TKB_HK2_Moi_Giang!$S:$S,ThongKe_GV!$C182,TKB_HK2_Moi_Giang!$K:$K,ThongKe_GV!L$1,TKB_HK2_Moi_Giang!$L:$L,ThongKe_GV!L$2)>0,"X","") | ... AB182: =IF(COUNTIFS(TKB_HK2_Moi_Giang!$S:$S,ThongKe_GV!$C182,TKB_HK2_Moi_Giang!$K:$K,ThongKe_GV!AB$1,TKB_HK2_Moi_Giang!$L:$L,ThongKe_GV!AB$2)>0,"X","")
A183: =IF(MID(B183,4,1)="Q","Quản trị",IF(MID(B183,4,1)="T","Thiết kế",IF(MID(B183,4,1)="N","Ngoại ngữ",IF(MID(B183,4,1)="C","Công nghệ",IF(MID(B183,4,1)="Y","Y dược",IF(MID(B183,4,1)="V","Văn hóa","")))))) -> Ngoại ngữ | B183: TG-NN079 | C183: Nguyễn Thị Bé Loan | D183: loan.ntbe@gmail.com | F183: =IF(COUNTIFS(TKB_HK2_Moi_Giang!$S:$S,ThongKe_GV!$C183,TKB_HK2_Moi_Giang!$K:$K,ThongKe_GV!F$1,TKB_HK2_Moi_Giang!$L:$L,ThongKe_GV!F$2)>0,"X","") | G183: =IF(COUNTIFS(TKB_HK2_Moi_Giang!$S:$S,ThongKe_GV!$C183,TKB_HK2_Moi_Giang!$K:$K,ThongKe_GV!G$1,TKB_HK2_Moi_Giang!$L:$L,ThongKe_GV!G$2)>0,"X","") | H183: =IF(COUNTIFS(TKB_HK2_Moi_Giang!$S:$S,ThongKe_GV!$C183,TKB_HK2_Moi_Giang!$K:$K,ThongKe_GV!H$1,TKB_HK2_Moi_Giang!$L:$L,ThongKe_GV!H$2)>0,"X","") | I183: =IF(COUNTIFS(TKB_HK2_Moi_Giang!$S:$S,ThongKe_GV!$C183,TKB_HK2_Moi_Giang!$K:$K,ThongKe_GV!I$1,TKB_HK2_Moi_Giang!$L:$L,ThongKe_GV!I$2)>0,"X","") | J183: =IF(COUNTIFS(TKB_HK2_Moi_Giang!$S:$S,ThongKe_GV!$C183,TKB_HK2_Moi_Giang!$K:$K,ThongKe_GV!J$1,TKB_HK2_Moi_Giang!$L:$L,ThongKe_GV!J$2)>0,"X","") | K183: =IF(COUNTIFS(TKB_HK2_Moi_Giang!$S:$S,ThongKe_GV!$C183,TKB_HK2_Moi_Giang!$K:$K,ThongKe_GV!K$1,TKB_HK2_Moi_Giang!$L:$L,ThongKe_GV!K$2)>0,"X","") | L183: =IF(COUNTIFS(TKB_HK2_Moi_Giang!$S:$S,ThongKe_GV!$C183,TKB_HK2_Moi_Giang!$K:$K,ThongKe_GV!L$1,TKB_HK2_Moi_Giang!$L:$L,ThongKe_GV!L$2)>0,"X","") | M183: =IF(COUNTIFS(TKB_HK2_Moi_Giang!$S:$S,ThongKe_GV!$C183,TKB_HK2_Moi_Giang!$K:$K,ThongKe_GV!M$1,TKB_HK2_Moi_Giang!$L:$L,ThongKe_GV!M$2)>0,"X","") | ... AB183: =IF(COUNTIFS(TKB_HK2_Moi_Giang!$S:$S,ThongKe_GV!$C183,TKB_HK2_Moi_Giang!$K:$K,ThongKe_GV!AB$1,TKB_HK2_Moi_Giang!$L:$L,ThongKe_GV!AB$2)>0,"X","")
A184: =IF(MID(B184,4,1)="Q","Quản trị",IF(MID(B184,4,1)="T","Thiết kế",IF(MID(B184,4,1)="N","Ngoại ngữ",IF(MID(B184,4,1)="C","Công nghệ",IF(MID(B184,4,1)="Y","Y dược",IF(MID(B184,4,1)="V","Văn hóa","")))))) -> Thiết kế | B184: TG-TK055 | C184: Huỳnh Mỹ Ngọc | D184: gemmyn@gmail.com | E184: =IF(COUNTIFS(TKB_HK2_Moi_Giang!$S:$S,ThongKe_GV!$C184,TKB_HK2_Moi_Giang!$K:$K,ThongKe_GV!E$1,TKB_HK2_Moi_Giang!$L:$L,ThongKe_GV!E$2)>0,"X","") | F184: =IF(COUNTIFS(TKB_HK2_Moi_Giang!$S:$S,ThongKe_GV!$C184,TKB_HK2_Moi_Giang!$K:$K,ThongKe_GV!F$1,TKB_HK2_Moi_Giang!$L:$L,ThongKe_GV!F$2)>0,"X","") | G184: =IF(COUNTIFS(TKB_HK2_Moi_Giang!$S:$S,ThongKe_GV!$C184,TKB_HK2_Moi_Giang!$K:$K,ThongKe_GV!G$1,TKB_HK2_Moi_Giang!$L:$L,ThongKe_GV!G$2)>0,"X","") | H184: =IF(COUNTIFS(TKB_HK2_Moi_Giang!$S:$S,ThongKe_GV!$C184,TKB_HK2_Moi_Giang!$K:$K,ThongKe_GV!H$1,TKB_HK2_Moi_Giang!$L:$L,ThongKe_GV!H$2)>0,"X","") | I184: =IF(COUNTIFS(TKB_HK2_Moi_Giang!$S:$S,ThongKe_GV!$C184,TKB_HK2_Moi_Giang!$K:$K,ThongKe_GV!I$1,TKB_HK2_Moi_Giang!$L:$L,ThongKe_GV!I$2)>0,"X","") | J184: =IF(COUNTIFS(TKB_HK2_Moi_Giang!$S:$S,ThongKe_GV!$C184,TKB_HK2_Moi_Giang!$K:$K,ThongKe_GV!J$1,TKB_HK2_Moi_Giang!$L:$L,ThongKe_GV!J$2)>0,"X","") | K184: =IF(COUNTIFS(TKB_HK2_Moi_Giang!$S:$S,ThongKe_GV!$C184,TKB_HK2_Moi_Giang!$K:$K,ThongKe_GV!K$1,TKB_HK2_Moi_Giang!$L:$L,ThongKe_GV!K$2)>0,"X","") | L184: =IF(COUNTIFS(TKB_HK2_Moi_Giang!$S:$S,ThongKe_GV!$C184,TKB_HK2_Moi_Giang!$K:$K,ThongKe_GV!L$1,TKB_HK2_Moi_Giang!$L:$L,ThongKe_GV!L$2)>0,"X","") | ... AB184: =IF(COUNTIFS(TKB_HK2_Moi_Giang!$S:$S,ThongKe_GV!$C184,TKB_HK2_Moi_Giang!$K:$K,ThongKe_GV!AB$1,TKB_HK2_Moi_Giang!$L:$L,ThongKe_GV!AB$2)>0,"X","")
A185: =IF(MID(B185,4,1)="Q","Quản trị",IF(MID(B185,4,1)="T","Thiết kế",IF(MID(B185,4,1)="N","Ngoại ngữ",IF(MID(B185,4,1)="C","Công nghệ",IF(MID(B185,4,1)="Y","Y dược",IF(MID(B185,4,1)="V","Văn hóa","")))))) -> Quản trị | B185: TG-QT080 | C185: Trương Quang Trị | D185: truongquangtri202@gmail.com | E185: =IF(COUNTIFS(TKB_HK2_Moi_Giang!$S:$S,ThongKe_GV!$C185,TKB_HK2_Moi_Giang!$K:$K,ThongKe_GV!E$1,TKB_HK2_Moi_Giang!$L:$L,ThongKe_GV!E$2)>0,"X","") | F185: =IF(COUNTIFS(TKB_HK2_Moi_Giang!$S:$S,ThongKe_GV!$C185,TKB_HK2_Moi_Giang!$K:$K,ThongKe_GV!F$1,TKB_HK2_Moi_Giang!$L:$L,ThongKe_GV!F$2)>0,"X","") | G185: =IF(COUNTIFS(TKB_HK2_Moi_Giang!$S:$S,ThongKe_GV!$C185,TKB_HK2_Moi_Giang!$K:$K,ThongKe_GV!G$1,TKB_HK2_Moi_Giang!$L:$L,ThongKe_GV!G$2)>0,"X","") | H185: =IF(COUNTIFS(TKB_HK2_Moi_Giang!$S:$S,ThongKe_GV!$C185,TKB_HK2_Moi_Giang!$K:$K,ThongKe_GV!H$1,TKB_HK2_Moi_Giang!$L:$L,ThongKe_GV!H$2)>0,"X","") | I185: =IF(COUNTIFS(TKB_HK2_Moi_Giang!$S:$S,ThongKe_GV!$C185,TKB_HK2_Moi_Giang!$K:$K,ThongKe_GV!I$1,TKB_HK2_Moi_Giang!$L:$L,ThongKe_GV!I$2)>0,"X","") | J185: =IF(COUNTIFS(TKB_HK2_Moi_Giang!$S:$S,ThongKe_GV!$C185,TKB_HK2_Moi_Giang!$K:$K,ThongKe_GV!J$1,TKB_HK2_Moi_Giang!$L:$L,ThongKe_GV!J$2)>0,"X","") | K185: =IF(COUNTIFS(TKB_HK2_Moi_Giang!$S:$S,ThongKe_GV!$C185,TKB_HK2_Moi_Giang!$K:$K,ThongKe_GV!K$1,TKB_HK2_Moi_Giang!$L:$L,ThongKe_GV!K$2)>0,"X","") | L185: =IF(COUNTIFS(TKB_HK2_Moi_Giang!$S:$S,ThongKe_GV!$C185,TKB_HK2_Moi_Giang!$K:$K,ThongKe_GV!L$1,TKB_HK2_Moi_Giang!$L:$L,ThongKe_GV!L$2)>0,"X","") | ... AB185: =IF(COUNTIFS(TKB_HK2_Moi_Giang!$S:$S,ThongKe_GV!$C185,TKB_HK2_Moi_Giang!$K:$K,ThongKe_GV!AB$1,TKB_HK2_Moi_Giang!$L:$L,ThongKe_GV!AB$2)>0,"X","")
A186: =IF(MID(B186,4,1)="Q","Quản trị",IF(MID(B186,4,1)="T","Thiết kế",IF(MID(B186,4,1)="N","Ngoại ngữ",IF(MID(B186,4,1)="C","Công nghệ",IF(MID(B186,4,1)="Y","Y dược",IF(MID(B186,4,1)="V","Văn hóa","")))))) -> Quản trị | B186: TG-QT086 | C186: Nguyễn Thanh Mộng | D186: phamthanhmong@gmail.com | E186: =IF(COUNTIFS(TKB_HK2_Moi_Giang!$S:$S,ThongKe_GV!$C186,TKB_HK2_Moi_Giang!$K:$K,ThongKe_GV!E$1,TKB_HK2_Moi_Giang!$L:$L,ThongKe_GV!E$2)>0,"X","") | F186: =IF(COUNTIFS(TKB_HK2_Moi_Giang!$S:$S,ThongKe_GV!$C186,TKB_HK2_Moi_Giang!$K:$K,ThongKe_GV!F$1,TKB_HK2_Moi_Giang!$L:$L,ThongKe_GV!F$2)>0,"X","") | G186: =IF(COUNTIFS(TKB_HK2_Moi_Giang!$S:$S,ThongKe_GV!$C186,TKB_HK2_Moi_Giang!$K:$K,ThongKe_GV!G$1,TKB_HK2_Moi_Giang!$L:$L,ThongKe_GV!G$2)>0,"X","") | H186: =IF(COUNTIFS(TKB_HK2_Moi_Giang!$S:$S,ThongKe_GV!$C186,TKB_HK2_Moi_Giang!$K:$K,ThongKe_GV!H$1,TKB_HK2_Moi_Giang!$L:$L,ThongKe_GV!H$2)>0,"X","") | I186: =IF(COUNTIFS(TKB_HK2_Moi_Giang!$S:$S,ThongKe_GV!$C186,TKB_HK2_Moi_Giang!$K:$K,ThongKe_GV!I$1,TKB_HK2_Moi_Giang!$L:$L,ThongKe_GV!I$2)>0,"X","") | J186: =IF(COUNTIFS(TKB_HK2_Moi_Giang!$S:$S,ThongKe_GV!$C186,TKB_HK2_Moi_Giang!$K:$K,ThongKe_GV!J$1,TKB_HK2_Moi_Giang!$L:$L,ThongKe_GV!J$2)>0,"X","") | K186: =IF(COUNTIFS(TKB_HK2_Moi_Giang!$S:$S,ThongKe_GV!$C186,TKB_HK2_Moi_Giang!$K:$K,ThongKe_GV!K$1,TKB_HK2_Moi_Giang!$L:$L,ThongKe_GV!K$2)>0,"X","") | L186: =IF(COUNTIFS(TKB_HK2_Moi_Giang!$S:$S,ThongKe_GV!$C186,TKB_HK2_Moi_Giang!$K:$K,ThongKe_GV!L$1,TKB_HK2_Moi_Giang!$L:$L,ThongKe_GV!L$2)>0,"X","") | ... AB186: =IF(COUNTIFS(TKB_HK2_Moi_Giang!$S:$S,ThongKe_GV!$C186,TKB_HK2_Moi_Giang!$K:$K,ThongKe_GV!AB$1,TKB_HK2_Moi_Giang!$L:$L,ThongKe_GV!AB$2)>0,"X","")
A187: =IF(MID(B187,4,1)="Q","Quản trị",IF(MID(B187,4,1)="T","Thiết kế",IF(MID(B187,4,1)="N","Ngoại ngữ",IF(MID(B187,4,1)="C","Công nghệ",IF(MID(B187,4,1)="Y","Y dược",IF(MID(B187,4,1)="V","Văn hóa","")))))) | B187: TG-HQ003 | C187: Nguyễn Thị Chi | D187: hanablue2812@gmail.com | E187: =IF(COUNTIFS(TKB_HK2_Moi_Giang!$S:$S,ThongKe_GV!$C187,TKB_HK2_Moi_Giang!$K:$K,ThongKe_GV!E$1,TKB_HK2_Moi_Giang!$L:$L,ThongKe_GV!E$2)>0,"X","") | F187: =IF(COUNTIFS(TKB_HK2_Moi_Giang!$S:$S,ThongKe_GV!$C187,TKB_HK2_Moi_Giang!$K:$K,ThongKe_GV!F$1,TKB_HK2_Moi_Giang!$L:$L,ThongKe_GV!F$2)>0,"X","") | G187: =IF(COUNTIFS(TKB_HK2_Moi_Giang!$S:$S,ThongKe_GV!$C187,TKB_HK2_Moi_Giang!$K:$K,ThongKe_GV!G$1,TKB_HK2_Moi_Giang!$L:$L,ThongKe_GV!G$2)>0,"X","") | H187: =IF(COUNTIFS(TKB_HK2_Moi_Giang!$S:$S,ThongKe_GV!$C187,TKB_HK2_Moi_Giang!$K:$K,ThongKe_GV!H$1,TKB_HK2_Moi_Giang!$L:$L,ThongKe_GV!H$2)>0,"X","") | I187: =IF(COUNTIFS(TKB_HK2_Moi_Giang!$S:$S,ThongKe_GV!$C187,TKB_HK2_Moi_Giang!$K:$K,ThongKe_GV!I$1,TKB_HK2_Moi_Giang!$L:$L,ThongKe_GV!I$2)>0,"X","") | J187: =IF(COUNTIFS(TKB_HK2_Moi_Giang!$S:$S,ThongKe_GV!$C187,TKB_HK2_Moi_Giang!$K:$K,ThongKe_GV!J$1,TKB_HK2_Moi_Giang!$L:$L,ThongKe_GV!J$2)>0,"X","") | K187: =IF(COUNTIFS(TKB_HK2_Moi_Giang!$S:$S,ThongKe_GV!$C187,TKB_HK2_Moi_Giang!$K:$K,ThongKe_GV!K$1,TKB_HK2_Moi_Giang!$L:$L,ThongKe_GV!K$2)>0,"X","") | L187: =IF(COUNTIFS(TKB_HK2_Moi_Giang!$S:$S,ThongKe_GV!$C187,TKB_HK2_Moi_Giang!$K:$K,ThongKe_GV!L$1,TKB_HK2_Moi_Giang!$L:$L,ThongKe_GV!L$2)>0,"X","") | ... AB187: =IF(COUNTIFS(TKB_HK2_Moi_Giang!$S:$S,ThongKe_GV!$C187,TKB_HK2_Moi_Giang!$K:$K,ThongKe_GV!AB$1,TKB_HK2_Moi_Giang!$L:$L,ThongKe_GV!AB$2)>0,"X","")
A188: =IF(MID(B188,4,1)="Q","Quản trị",IF(MID(B188,4,1)="T","Thiết kế",IF(MID(B188,4,1)="N","Ngoại ngữ",IF(MID(B188,4,1)="C","Công nghệ",IF(MID(B188,4,1)="Y","Y dược",IF(MID(B188,4,1)="V","Văn hóa","")))))) -> Công nghệ | B188: TG-CNTT15 | C188: Huỳnh Khắc Duy | D188: huynhkhacduy@gmail.com | E188: =IF(COUNTIFS(TKB_HK2_Moi_Giang!$S:$S,ThongKe_GV!$C188,TKB_HK2_Moi_Giang!$K:$K,ThongKe_GV!E$1,TKB_HK2_Moi_Giang!$L:$L,ThongKe_GV!E$2)>0,"X","") | F188: =IF(COUNTIFS(TKB_HK2_Moi_Giang!$S:$S,ThongKe_GV!$C188,TKB_HK2_Moi_Giang!$K:$K,ThongKe_GV!F$1,TKB_HK2_Moi_Giang!$L:$L,ThongKe_GV!F$2)>0,"X","") | G188: =IF(COUNTIFS(TKB_HK2_Moi_Giang!$S:$S,ThongKe_GV!$C188,TKB_HK2_Moi_Giang!$K:$K,ThongKe_GV!G$1,TKB_HK2_Moi_Giang!$L:$L,ThongKe_GV!G$2)>0,"X","") | H188: =IF(COUNTIFS(TKB_HK2_Moi_Giang!$S:$S,ThongKe_GV!$C188,TKB_HK2_Moi_Giang!$K:$K,ThongKe_GV!H$1,TKB_HK2_Moi_Giang!$L:$L,ThongKe_GV!H$2)>0,"X","") | I188: =IF(COUNTIFS(TKB_HK2_Moi_Giang!$S:$S,ThongKe_GV!$C188,TKB_HK2_Moi_Giang!$K:$K,ThongKe_GV!I$1,TKB_HK2_Moi_Giang!$L:$L,ThongKe_GV!I$2)>0,"X","") | J188: =IF(COUNTIFS(TKB_HK2_Moi_Giang!$S:$S,ThongKe_GV!$C188,TKB_HK2_Moi_Giang!$K:$K,ThongKe_GV!J$1,TKB_HK2_Moi_Giang!$L:$L,ThongKe_GV!J$2)>0,"X","") | K188: =IF(COUNTIFS(TKB_HK2_Moi_Giang!$S:$S,ThongKe_GV!$C188,TKB_HK2_Moi_Giang!$K:$K,ThongKe_GV!K$1,TKB_HK2_Moi_Giang!$L:$L,ThongKe_GV!K$2)>0,"X","") | L188: =IF(COUNTIFS(TKB_HK2_Moi_Giang!$S:$S,ThongKe_GV!$C188,TKB_HK2_Moi_Giang!$K:$K,ThongKe_GV!L$1,TKB_HK2_Moi_Giang!$L:$L,ThongKe_GV!L$2)>0,"X","") | ... AB188: =IF(COUNTIFS(TKB_HK2_Moi_Giang!$S:$S,ThongKe_GV!$C188,TKB_HK2_Moi_Giang!$K:$K,ThongKe_GV!AB$1,TKB_HK2_Moi_Giang!$L:$L,ThongKe_GV!AB$2)>0,"X","")
A189: =IF(MID(B189,4,1)="Q","Quản trị",IF(MID(B189,4,1)="T","Thiết kế",IF(MID(B189,4,1)="N","Ngoại ngữ",IF(MID(B189,4,1)="C","Công nghệ",IF(MID(B189,4,1)="Y","Y dược",IF(MID(B189,4,1)="V","Văn hóa","")))))) -> Quản trị | B189: TG-QT0675 | C189: Nguyễn Xuân Thanh | D189: nguyenxuanthanh1702@gmail.com | E189: =IF(COUNTIFS(TKB_HK2_Moi_Giang!$S:$S,ThongKe_GV!$C189,TKB_HK2_Moi_Giang!$K:$K,ThongKe_GV!E$1,TKB_HK2_Moi_Giang!$L:$L,ThongKe_GV!E$2)>0,"X","") | F189: =IF(COUNTIFS(TKB_HK2_Moi_Giang!$S:$S,ThongKe_GV!$C189,TKB_HK2_Moi_Giang!$K:$K,ThongKe_GV!F$1,TKB_HK2_Moi_Giang!$L:$L,ThongKe_GV!F$2)>0,"X","") | G189: =IF(COUNTIFS(TKB_HK2_Moi_Giang!$S:$S,ThongKe_GV!$C189,TKB_HK2_Moi_Giang!$K:$K,ThongKe_GV!G$1,TKB_HK2_Moi_Giang!$L:$L,ThongKe_GV!G$2)>0,"X","") | H189: =IF(COUNTIFS(TKB_HK2_Moi_Giang!$S:$S,ThongKe_GV!$C189,TKB_HK2_Moi_Giang!$K:$K,ThongKe_GV!H$1,TKB_HK2_Moi_Giang!$L:$L,ThongKe_GV!H$2)>0,"X","") | I189: =IF(COUNTIFS(TKB_HK2_Moi_Giang!$S:$S,ThongKe_GV!$C189,TKB_HK2_Moi_Giang!$K:$K,ThongKe_GV!I$1,TKB_HK2_Moi_Giang!$L:$L,ThongKe_GV!I$2)>0,"X","") | J189: =IF(COUNTIFS(TKB_HK2_Moi_Giang!$S:$S,ThongKe_GV!$C189,TKB_HK2_Moi_Giang!$K:$K,ThongKe_GV!J$1,TKB_HK2_Moi_Giang!$L:$L,ThongKe_GV!J$2)>0,"X","") | K189: =IF(COUNTIFS(TKB_HK2_Moi_Giang!$S:$S,ThongKe_GV!$C189,TKB_HK2_Moi_Giang!$K:$K,ThongKe_GV!K$1,TKB_HK2_Moi_Giang!$L:$L,ThongKe_GV!K$2)>0,"X","") | L189: =IF(COUNTIFS(TKB_HK2_Moi_Giang!$S:$S,ThongKe_GV!$C189,TKB_HK2_Moi_Giang!$K:$K,ThongKe_GV!L$1,TKB_HK2_Moi_Giang!$L:$L,ThongKe_GV!L$2)>0,"X","") | ... AB189: =IF(COUNTIFS(TKB_HK2_Moi_Giang!$S:$S,ThongKe_GV!$C189,TKB_HK2_Moi_Giang!$K:$K,ThongKe_GV!AB$1,TKB_HK2_Moi_Giang!$L:$L,ThongKe_GV!AB$2)>0,"X","")
A190: =IF(MID(B190,4,1)="Q","Quản trị",IF(MID(B190,4,1)="T","Thiết kế",IF(MID(B190,4,1)="N","Ngoại ngữ",IF(MID(B190,4,1)="C","Công nghệ",IF(MID(B190,4,1)="Y","Y dược",IF(MID(B190,4,1)="V","Văn hóa","")))))) -> Y dược | B190: TG-YD03 | C190: Bùi Văn Mười | D190: buivanmuoi27@gmail.com | E190: =IF(COUNTIFS(TKB_HK2_Moi_Giang!$S:$S,ThongKe_GV!$C190,TKB_HK2_Moi_Giang!$K:$K,ThongKe_GV!E$1,TKB_HK2_Moi_Giang!$L:$L,ThongKe_GV!E$2)>0,"X","") | F190: =IF(COUNTIFS(TKB_HK2_Moi_Giang!$S:$S,ThongKe_GV!$C190,TKB_HK2_Moi_Giang!$K:$K,ThongKe_GV!F$1,TKB_HK2_Moi_Giang!$L:$L,ThongKe_GV!F$2)>0,"X","") | G190: =IF(COUNTIFS(TKB_HK2_Moi_Giang!$S:$S,ThongKe_GV!$C190,TKB_HK2_Moi_Giang!$K:$K,ThongKe_GV!G$1,TKB_HK2_Moi_Giang!$L:$L,ThongKe_GV!G$2)>0,"X","") | H190: =IF(COUNTIFS(TKB_HK2_Moi_Giang!$S:$S,ThongKe_GV!$C190,TKB_HK2_Moi_Giang!$K:$K,ThongKe_GV!H$1,TKB_HK2_Moi_Giang!$L:$L,ThongKe_GV!H$2)>0,"X","") | I190: =IF(COUNTIFS(TKB_HK2_Moi_Giang!$S:$S,ThongKe_GV!$C190,TKB_HK2_Moi_Giang!$K:$K,ThongKe_GV!I$1,TKB_HK2_Moi_Giang!$L:$L,ThongKe_GV!I$2)>0,"X","") | J190: =IF(COUNTIFS(TKB_HK2_Moi_Giang!$S:$S,ThongKe_GV!$C190,TKB_HK2_Moi_Giang!$K:$K,ThongKe_GV!J$1,TKB_HK2_Moi_Giang!$L:$L,ThongKe_GV!J$2)>0,"X","") | K190: =IF(COUNTIFS(TKB_HK2_Moi_Giang!$S:$S,ThongKe_GV!$C190,TKB_HK2_Moi_Giang!$K:$K,ThongKe_GV!K$1,TKB_HK2_Moi_Giang!$L:$L,ThongKe_GV!K$2)>0,"X","") | L190: =IF(COUNTIFS(TKB_HK2_Moi_Giang!$S:$S,ThongKe_GV!$C190,TKB_HK2_Moi_Giang!$K:$K,ThongKe_GV!L$1,TKB_HK2_Moi_Giang!$L:$L,ThongKe_GV!L$2)>0,"X","") | ... AB190: =IF(COUNTIFS(TKB_HK2_Moi_Giang!$S:$S,ThongKe_GV!$C190,TKB_HK2_Moi_Giang!$K:$K,ThongKe_GV!AB$1,TKB_HK2_Moi_Giang!$L:$L,ThongKe_GV!AB$2)>0,"X","")
A191: =IF(MID(B191,4,1)="Q","Quản trị",IF(MID(B191,4,1)="T","Thiết kế",IF(MID(B191,4,1)="N","Ngoại ngữ",IF(MID(B191,4,1)="C","Công nghệ",IF(MID(B191,4,1)="Y","Y dược",IF(MID(B191,4,1)="V","Văn hóa","")))))) -> Quản trị | B191: TG-QT-104 | C191: Trần Hữu Tài | D191: travistran304@gmail.com | E191: =IF(COUNTIFS(TKB_HK2_Moi_Giang!$S:$S,ThongKe_GV!$C191,TKB_HK2_Moi_Giang!$K:$K,ThongKe_GV!E$1,TKB_HK2_Moi_Giang!$L:$L,ThongKe_GV!E$2)>0,"X","") | F191: =IF(COUNTIFS(TKB_HK2_Moi_Giang!$S:$S,ThongKe_GV!$C191,TKB_HK2_Moi_Giang!$K:$K,ThongKe_GV!F$1,TKB_HK2_Moi_Giang!$L:$L,ThongKe_GV!F$2)>0,"X","") | G191: =IF(COUNTIFS(TKB_HK2_Moi_Giang!$S:$S,ThongKe_GV!$C191,TKB_HK2_Moi_Giang!$K:$K,ThongKe_GV!G$1,TKB_HK2_Moi_Giang!$L:$L,ThongKe_GV!G$2)>0,"X","") | H191: =IF(COUNTIFS(TKB_HK2_Moi_Giang!$S:$S,ThongKe_GV!$C191,TKB_HK2_Moi_Giang!$K:$K,ThongKe_GV!H$1,TKB_HK2_Moi_Giang!$L:$L,ThongKe_GV!H$2)>0,"X","") | I191: =IF(COUNTIFS(TKB_HK2_Moi_Giang!$S:$S,ThongKe_GV!$C191,TKB_HK2_Moi_Giang!$K:$K,ThongKe_GV!I$1,TKB_HK2_Moi_Giang!$L:$L,ThongKe_GV!I$2)>0,"X","") | J191: =IF(COUNTIFS(TKB_HK2_Moi_Giang!$S:$S,ThongKe_GV!$C191,TKB_HK2_Moi_Giang!$K:$K,ThongKe_GV!J$1,TKB_HK2_Moi_Giang!$L:$L,ThongKe_GV!J$2)>0,"X","") | K191: =IF(COUNTIFS(TKB_HK2_Moi_Giang!$S:$S,ThongKe_GV!$C191,TKB_HK2_Moi_Giang!$K:$K,ThongKe_GV!K$1,TKB_HK2_Moi_Giang!$L:$L,ThongKe_GV!K$2)>0,"X","") | L191: =IF(COUNTIFS(TKB_HK2_Moi_Giang!$S:$S,ThongKe_GV!$C191,TKB_HK2_Moi_Giang!$K:$K,ThongKe_GV!L$1,TKB_HK2_Moi_Giang!$L:$L,ThongKe_GV!L$2)>0,"X","") | ... AB191: =IF(COUNTIFS(TKB_HK2_Moi_Giang!$S:$S,ThongKe_GV!$C191,TKB_HK2_Moi_Giang!$K:$K,ThongKe_GV!AB$1,TKB_HK2_Moi_Giang!$L:$L,ThongKe_GV!AB$2)>0,"X","")
A192: =IF(MID(B192,4,1)="Q","Quản trị",IF(MID(B192,4,1)="T","Thiết kế",IF(MID(B192,4,1)="N","Ngoại ngữ",IF(MID(B192,4,1)="C","Công nghệ",IF(MID(B192,4,1)="Y","Y dược",IF(MID(B192,4,1)="V","Văn hóa","")))))) -> Ngoại ngữ | B192: TG-NN090 | C192: Lê Minh Khoa | D192: mrminhkhoale@gmail.com | E192: =IF(COUNTIFS(TKB_HK2_Moi_Giang!$S:$S,ThongKe_GV!$C192,TKB_HK2_Moi_Giang!$K:$K,ThongKe_GV!E$1,TKB_HK2_Moi_Giang!$L:$L,ThongKe_GV!E$2)>0,"X","") | F192: =IF(COUNTIFS(TKB_HK2_Moi_Giang!$S:$S,ThongKe_GV!$C192,TKB_HK2_Moi_Giang!$K:$K,ThongKe_GV!F$1,TKB_HK2_Moi_Giang!$L:$L,ThongKe_GV!F$2)>0,"X","") | G192: =IF(COUNTIFS(TKB_HK2_Moi_Giang!$S:$S,ThongKe_GV!$C192,TKB_HK2_Moi_Giang!$K:$K,ThongKe_GV!G$1,TKB_HK2_Moi_Giang!$L:$L,ThongKe_GV!G$2)>0,"X","") | H192: =IF(COUNTIFS(TKB_HK2_Moi_Giang!$S:$S,ThongKe_GV!$C192,TKB_HK2_Moi_Giang!$K:$K,ThongKe_GV!H$1,TKB_HK2_Moi_Giang!$L:$L,ThongKe_GV!H$2)>0,"X","") | I192: =IF(COUNTIFS(TKB_HK2_Moi_Giang!$S:$S,ThongKe_GV!$C192,TKB_HK2_Moi_Giang!$K:$K,ThongKe_GV!I$1,TKB_HK2_Moi_Giang!$L:$L,ThongKe_GV!I$2)>0,"X","") | J192: =IF(COUNTIFS(TKB_HK2_Moi_Giang!$S:$S,ThongKe_GV!$C192,TKB_HK2_Moi_Giang!$K:$K,ThongKe_GV!J$1,TKB_HK2_Moi_Giang!$L:$L,ThongKe_GV!J$2)>0,"X","") | K192: =IF(COUNTIFS(TKB_HK2_Moi_Giang!$S:$S,ThongKe_GV!$C192,TKB_HK2_Moi_Giang!$K:$K,ThongKe_GV!K$1,TKB_HK2_Moi_Giang!$L:$L,ThongKe_GV!K$2)>0,"X","") | L192: =IF(COUNTIFS(TKB_HK2_Moi_Giang!$S:$S,ThongKe_GV!$C192,TKB_HK2_Moi_Giang!$K:$K,ThongKe_GV!L$1,TKB_HK2_Moi_Giang!$L:$L,ThongKe_GV!L$2)>0,"X","") | ... AB192: =IF(COUNTIFS(TKB_HK2_Moi_Giang!$S:$S,ThongKe_GV!$C192,TKB_HK2_Moi_Giang!$K:$K,ThongKe_GV!AB$1,TKB_HK2_Moi_Giang!$L:$L,ThongKe_GV!AB$2)>0,"X","")
A193: =IF(MID(B193,4,1)="Q","Quản trị",IF(MID(B193,4,1)="T","Thiết kế",IF(MID(B193,4,1)="N","Ngoại ngữ",IF(MID(B193,4,1)="C","Công nghệ",IF(MID(B193,4,1)="Y","Y dược",IF(MID(B193,4,1)="V","Văn hóa","")))))) -> Thiết kế | B193: TG-TK056 | C193: Mai Trúc Linh | D193: mailinh25793@gmail.com | E193: =IF(COUNTIFS(TKB_HK2_Moi_Giang!$S:$S,ThongKe_GV!$C193,TKB_HK2_Moi_Giang!$K:$K,ThongKe_GV!E$1,TKB_HK2_Moi_Giang!$L:$L,ThongKe_GV!E$2)>0,"X","") | F193: =IF(COUNTIFS(TKB_HK2_Moi_Giang!$S:$S,ThongKe_GV!$C193,TKB_HK2_Moi_Giang!$K:$K,ThongKe_GV!F$1,TKB_HK2_Moi_Giang!$L:$L,ThongKe_GV!F$2)>0,"X","") | G193: =IF(COUNTIFS(TKB_HK2_Moi_Giang!$S:$S,ThongKe_GV!$C193,TKB_HK2_Moi_Giang!$K:$K,ThongKe_GV!G$1,TKB_HK2_Moi_Giang!$L:$L,ThongKe_GV!G$2)>0,"X","") | H193: =IF(COUNTIFS(TKB_HK2_Moi_Giang!$S:$S,ThongKe_GV!$C193,TKB_HK2_Moi_Giang!$K:$K,ThongKe_GV!H$1,TKB_HK2_Moi_Giang!$L:$L,ThongKe_GV!H$2)>0,"X","") | I193: =IF(COUNTIFS(TKB_HK2_Moi_Giang!$S:$S,ThongKe_GV!$C193,TKB_HK2_Moi_Giang!$K:$K,ThongKe_GV!I$1,TKB_HK2_Moi_Giang!$L:$L,ThongKe_GV!I$2)>0,"X","") | J193: =IF(COUNTIFS(TKB_HK2_Moi_Giang!$S:$S,ThongKe_GV!$C193,TKB_HK2_Moi_Giang!$K:$K,ThongKe_GV!J$1,TKB_HK2_Moi_Giang!$L:$L,ThongKe_GV!J$2)>0,"X","") | K193: =IF(COUNTIFS(TKB_HK2_Moi_Giang!$S:$S,ThongKe_GV!$C193,TKB_HK2_Moi_Giang!$K:$K,ThongKe_GV!K$1,TKB_HK2_Moi_Giang!$L:$L,ThongKe_GV!K$2)>0,"X","") | L193: =IF(COUNTIFS(TKB_HK2_Moi_Giang!$S:$S,ThongKe_GV!$C193,TKB_HK2_Moi_Giang!$K:$K,ThongKe_GV!L$1,TKB_HK2_Moi_Giang!$L:$L,ThongKe_GV!L$2)>0,"X","") | ... AB193: =IF(COUNTIFS(TKB_HK2_Moi_Giang!$S:$S,ThongKe_GV!$C193,TKB_HK2_Moi_Giang!$K:$K,ThongKe_GV!AB$1,TKB_HK2_Moi_Giang!$L:$L,ThongKe_GV!AB$2)>0,"X","")
A194: =IF(MID(B194,4,1)="Q","Quản trị",IF(MID(B194,4,1)="T","Thiết kế",IF(MID(B194,4,1)="N","Ngoại ngữ",IF(MID(B194,4,1)="C","Công nghệ",IF(MID(B194,4,1)="Y","Y dược",IF(MID(B194,4,1)="V","Văn hóa","")))))) -> Thiết kế | B194: TG-TK42 | C194: Đặng Thanh Dung | D194: itsmedtdung22@gmail.com | E194: =IF(COUNTIFS(TKB_HK2_Moi_Giang!$S:$S,ThongKe_GV!$C194,TKB_HK2_Moi_Giang!$K:$K,ThongKe_GV!E$1,TKB_HK2_Moi_Giang!$L:$L,ThongKe_GV!E$2)>0,"X","") | F194: =IF(COUNTIFS(TKB_HK2_Moi_Giang!$S:$S,ThongKe_GV!$C194,TKB_HK2_Moi_Giang!$K:$K,ThongKe_GV!F$1,TKB_HK2_Moi_Giang!$L:$L,ThongKe_GV!F$2)>0,"X","") | G194: =IF(COUNTIFS(TKB_HK2_Moi_Giang!$S:$S,ThongKe_GV!$C194,TKB_HK2_Moi_Giang!$K:$K,ThongKe_GV!G$1,TKB_HK2_Moi_Giang!$L:$L,ThongKe_GV!G$2)>0,"X","") | H194: =IF(COUNTIFS(TKB_HK2_Moi_Giang!$S:$S,ThongKe_GV!$C194,TKB_HK2_Moi_Giang!$K:$K,ThongKe_GV!H$1,TKB_HK2_Moi_Giang!$L:$L,ThongKe_GV!H$2)>0,"X","") | I194: =IF(COUNTIFS(TKB_HK2_Moi_Giang!$S:$S,ThongKe_GV!$C194,TKB_HK2_Moi_Giang!$K:$K,ThongKe_GV!I$1,TKB_HK2_Moi_Giang!$L:$L,ThongKe_GV!I$2)>0,"X","") | J194: =IF(COUNTIFS(TKB_HK2_Moi_Giang!$S:$S,ThongKe_GV!$C194,TKB_HK2_Moi_Giang!$K:$K,ThongKe_GV!J$1,TKB_HK2_Moi_Giang!$L:$L,ThongKe_GV!J$2)>0,"X","") | K194: =IF(COUNTIFS(TKB_HK2_Moi_Giang!$S:$S,ThongKe_GV!$C194,TKB_HK2_Moi_Giang!$K:$K,ThongKe_GV!K$1,TKB_HK2_Moi_Giang!$L:$L,ThongKe_GV!K$2)>0,"X","") | L194: =IF(COUNTIFS(TKB_HK2_Moi_Giang!$S:$S,ThongKe_GV!$C194,TKB_HK2_Moi_Giang!$K:$K,ThongKe_GV!L$1,TKB_HK2_Moi_Giang!$L:$L,ThongKe_GV!L$2)>0,"X","") | ... AB194: =IF(COUNTIFS(TKB_HK2_Moi_Giang!$S:$S,ThongKe_GV!$C194,TKB_HK2_Moi_Giang!$K:$K,ThongKe_GV!AB$1,TKB_HK2_Moi_Giang!$L:$L,ThongKe_GV!AB$2)>0,"X","")
A195: =IF(MID(B195,4,1)="Q","Quản trị",IF(MID(B195,4,1)="T","Thiết kế",IF(MID(B195,4,1)="N","Ngoại ngữ",IF(MID(B195,4,1)="C","Công nghệ",IF(MID(B195,4,1)="Y","Y dược",IF(MID(B195,4,1)="V","Văn hóa","")))))) | B195: VH006 | C195: Lê Minh Trung | D195: leminhtrung1415@gmail.com | E195: =IF(COUNTIFS(TKB_HK2_Moi_Giang!$S:$S,ThongKe_GV!$C195,TKB_HK2_Moi_Giang!$K:$K,ThongKe_GV!E$1,TKB_HK2_Moi_Giang!$L:$L,ThongKe_GV!E$2)>0,"X","") | F195: =IF(COUNTIFS(TKB_HK2_Moi_Giang!$S:$S,ThongKe_GV!$C195,TKB_HK2_Moi_Giang!$K:$K,ThongKe_GV!F$1,TKB_HK2_Moi_Giang!$L:$L,ThongKe_GV!F$2)>0,"X","") | G195: =IF(COUNTIFS(TKB_HK2_Moi_Giang!$S:$S,ThongKe_GV!$C195,TKB_HK2_Moi_Giang!$K:$K,ThongKe_GV!G$1,TKB_HK2_Moi_Giang!$L:$L,ThongKe_GV!G$2)>0,"X","") | H195: =IF(COUNTIFS(TKB_HK2_Moi_Giang!$S:$S,ThongKe_GV!$C195,TKB_HK2_Moi_Giang!$K:$K,ThongKe_GV!H$1,TKB_HK2_Moi_Giang!$L:$L,ThongKe_GV!H$2)>0,"X","") | I195: =IF(COUNTIFS(TKB_HK2_Moi_Giang!$S:$S,ThongKe_GV!$C195,TKB_HK2_Moi_Giang!$K:$K,ThongKe_GV!I$1,TKB_HK2_Moi_Giang!$L:$L,ThongKe_GV!I$2)>0,"X","") | J195: =IF(COUNTIFS(TKB_HK2_Moi_Giang!$S:$S,ThongKe_GV!$C195,TKB_HK2_Moi_Giang!$K:$K,ThongKe_GV!J$1,TKB_HK2_Moi_Giang!$L:$L,ThongKe_GV!J$2)>0,"X","") | K195: =IF(COUNTIFS(TKB_HK2_Moi_Giang!$S:$S,ThongKe_GV!$C195,TKB_HK2_Moi_Giang!$K:$K,ThongKe_GV!K$1,TKB_HK2_Moi_Giang!$L:$L,ThongKe_GV!K$2)>0,"X","") | L195: =IF(COUNTIFS(TKB_HK2_Moi_Giang!$S:$S,ThongKe_GV!$C195,TKB_HK2_Moi_Giang!$K:$K,ThongKe_GV!L$1,TKB_HK2_Moi_Giang!$L:$L,ThongKe_GV!L$2)>0,"X","") | ... AB195: =IF(COUNTIFS(TKB_HK2_Moi_Giang!$S:$S,ThongKe_GV!$C195,TKB_HK2_Moi_Giang!$K:$K,ThongKe_GV!AB$1,TKB_HK2_Moi_Giang!$L:$L,ThongKe_GV!AB$2)>0,"X","")
... A244: =IF(MID(B244,4,1)="Q","Quản trị",IF(MID(B244,4,1)="T","Thiết kế",IF(MID(B244,4,1)="N","Ngoại ngữ",IF(MID(B244,4,1)="C","Công nghệ",IF(MID(B244,4,1)="Y","Y dược",IF(MID(B244,4,1)="V","Văn hóa","")))))) -> Quản trị | B244: TG-QT078 | C244: Đặng Kim Phụng | D244: dangkimphung0212@gmail.com | E244: =IF(COUNTIFS(TKB_HK2_Moi_Giang!$S:$S,ThongKe_GV!$C244,TKB_HK2_Moi_Giang!$K:$K,ThongKe_GV!E$1,TKB_HK2_Moi_Giang!$L:$L,ThongKe_GV!E$2)>0,"X","") | F244: =IF(COUNTIFS(TKB_HK2_Moi_Giang!$S:$S,ThongKe_GV!$C244,TKB_HK2_Moi_Giang!$K:$K,ThongKe_GV!F$1,TKB_HK2_Moi_Giang!$L:$L,ThongKe_GV!F$2)>0,"X","") | G244: =IF(COUNTIFS(TKB_HK2_Moi_Giang!$S:$S,ThongKe_GV!$C244,TKB_HK2_Moi_Giang!$K:$K,ThongKe_GV!G$1,TKB_HK2_Moi_Giang!$L:$L,ThongKe_GV!G$2)>0,"X","") | H244: =IF(COUNTIFS(TKB_HK2_Moi_Giang!$S:$S,ThongKe_GV!$C244,TKB_HK2_Moi_Giang!$K:$K,ThongKe_GV!H$1,TKB_HK2_Moi_Giang!$L:$L,ThongKe_GV!H$2)>0,"X","") | I244: =IF(COUNTIFS(TKB_HK2_Moi_Giang!$S:$S,ThongKe_GV!$C244,TKB_HK2_Moi_Giang!$K:$K,ThongKe_GV!I$1,TKB_HK2_Moi_Giang!$L:$L,ThongKe_GV!I$2)>0,"X","") | J244: =IF(COUNTIFS(TKB_HK2_Moi_Giang!$S:$S,ThongKe_GV!$C244,TKB_HK2_Moi_Giang!$K:$K,ThongKe_GV!J$1,TKB_HK2_Moi_Giang!$L:$L,ThongKe_GV!J$2)>0,"X","") | K244: =IF(COUNTIFS(TKB_HK2_Moi_Giang!$S:$S,ThongKe_GV!$C244,TKB_HK2_Moi_Giang!$K:$K,ThongKe_GV!K$1,TKB_HK2_Moi_Giang!$L:$L,ThongKe_GV!K$2)>0,"X","") | L244: =IF(COUNTIFS(TKB_HK2_Moi_Giang!$S:$S,ThongKe_GV!$C244,TKB_HK2_Moi_Giang!$K:$K,ThongKe_GV!L$1,TKB_HK2_Moi_Giang!$L:$L,ThongKe_GV!L$2)>0,"X","") | ... AB244: =IF(COUNTIFS(TKB_HK2_Moi_Giang!$S:$S,ThongKe_GV!$C244,TKB_HK2_Moi_Giang!$K:$K,ThongKe_GV!AB$1,TKB_HK2_Moi_Giang!$L:$L,ThongKe_GV!AB$2)>0,"X","")
B245: TG-TK088 | C245: Vũ Quốc Duy | D245: duy.thaison11@gmail.com | E245: =IF(COUNTIFS(TKB_HK2_Moi_Giang!$S:$S,ThongKe_GV!$C245,TKB_HK2_Moi_Giang!$K:$K,ThongKe_GV!E$1,TKB_HK2_Moi_Giang!$L:$L,ThongKe_GV!E$2)>0,"X","") | F245: =IF(COUNTIFS(TKB_HK2_Moi_Giang!$S:$S,ThongKe_GV!$C245,TKB_HK2_Moi_Giang!$K:$K,ThongKe_GV!F$1,TKB_HK2_Moi_Giang!$L:$L,ThongKe_GV!F$2)>0,"X","") | G245: =IF(COUNTIFS(TKB_HK2_Moi_Giang!$S:$S,ThongKe_GV!$C245,TKB_HK2_Moi_Giang!$K:$K,ThongKe_GV!G$1,TKB_HK2_Moi_Giang!$L:$L,ThongKe_GV!G$2)>0,"X","") | H245: =IF(COUNTIFS(TKB_HK2_Moi_Giang!$S:$S,ThongKe_GV!$C245,TKB_HK2_Moi_Giang!$K:$K,ThongKe_GV!H$1,TKB_HK2_Moi_Giang!$L:$L,ThongKe_GV!H$2)>0,"X","") | I245: =IF(COUNTIFS(TKB_HK2_Moi_Giang!$S:$S,ThongKe_GV!$C245,TKB_HK2_Moi_Giang!$K:$K,ThongKe_GV!I$1,TKB_HK2_Moi_Giang!$L:$L,ThongKe_GV!I$2)>0,"X","") | J245: =IF(COUNTIFS(TKB_HK2_Moi_Giang!$S:$S,ThongKe_GV!$C245,TKB_HK2_Moi_Giang!$K:$K,ThongKe_GV!J$1,TKB_HK2_Moi_Giang!$L:$L,ThongKe_GV!J$2)>0,"X","") | K245: =IF(COUNTIFS(TKB_HK2_Moi_Giang!$S:$S,ThongKe_GV!$C245,TKB_HK2_Moi_Giang!$K:$K,ThongKe_GV!K$1,TKB_HK2_Moi_Giang!$L:$L,ThongKe_GV!K$2)>0,"X","") | L245: =IF(COUNTIFS(TKB_HK2_Moi_Giang!$S:$S,ThongKe_GV!$C245,TKB_HK2_Moi_Giang!$K:$K,ThongKe_GV!L$1,TKB_HK2_Moi_Giang!$L:$L,ThongKe_GV!L$2)>0,"X","") | ... AB245: =IF(COUNTIFS(TKB_HK2_Moi_Giang!$S:$S,ThongKe_GV!$C245,TKB_HK2_Moi_Giang!$K:$K,ThongKe_GV!AB$1,TKB_HK2_Moi_Giang!$L:$L,ThongKe_GV!AB$2)>0,"X","")
A246: =IF(MID(B246,4,1)="Q","Quản trị",IF(MID(B246,4,1)="T","Thiết kế",IF(MID(B246,4,1)="N","Ngoại ngữ",IF(MID(B246,4,1)="C","Công nghệ",IF(MID(B246,4,1)="Y","Y dược",IF(MID(B246,4,1)="V","Văn hóa","")))))) | C246: Trần Hồng Thuý | D246: tranhongthuy1512@gmail.com | E246: =IF(COUNTIFS(TKB_HK2_Moi_Giang!$S:$S,ThongKe_GV!$C246,TKB_HK2_Moi_Giang!$K:$K,ThongKe_GV!E$1,TKB_HK2_Moi_Giang!$L:$L,ThongKe_GV!E$2)>0,"X","") | F246: =IF(COUNTIFS(TKB_HK2_Moi_Giang!$S:$S,ThongKe_GV!$C246,TKB_HK2_Moi_Giang!$K:$K,ThongKe_GV!F$1,TKB_HK2_Moi_Giang!$L:$L,ThongKe_GV!F$2)>0,"X","") | G246: =IF(COUNTIFS(TKB_HK2_Moi_Giang!$S:$S,ThongKe_GV!$C246,TKB_HK2_Moi_Giang!$K:$K,ThongKe_GV!G$1,TKB_HK2_Moi_Giang!$L:$L,ThongKe_GV!G$2)>0,"X","") | H246: =IF(COUNTIFS(TKB_HK2_Moi_Giang!$S:$S,ThongKe_GV!$C246,TKB_HK2_Moi_Giang!$K:$K,ThongKe_GV!H$1,TKB_HK2_Moi_Giang!$L:$L,ThongKe_GV!H$2)>0,"X","") | I246: =IF(COUNTIFS(TKB_HK2_Moi_Giang!$S:$S,ThongKe_GV!$C246,TKB_HK2_Moi_Giang!$K:$K,ThongKe_GV!I$1,TKB_HK2_Moi_Giang!$L:$L,ThongKe_GV!I$2)>0,"X","") | J246: =IF(COUNTIFS(TKB_HK2_Moi_Giang!$S:$S,ThongKe_GV!$C246,TKB_HK2_Moi_Giang!$K:$K,ThongKe_GV!J$1,TKB_HK2_Moi_Giang!$L:$L,ThongKe_GV!J$2)>0,"X","") | K246: =IF(COUNTIFS(TKB_HK2_Moi_Giang!$S:$S,ThongKe_GV!$C246,TKB_HK2_Moi_Giang!$K:$K,ThongKe_GV!K$1,TKB_HK2_Moi_Giang!$L:$L,ThongKe_GV!K$2)>0,"X","") | L246: =IF(COUNTIFS(TKB_HK2_Moi_Giang!$S:$S,ThongKe_GV!$C246,TKB_HK2_Moi_Giang!$K:$K,ThongKe_GV!L$1,TKB_HK2_Moi_Giang!$L:$L,ThongKe_GV!L$2)>0,"X","") | ... AB246: =IF(COUNTIFS(TKB_HK2_Moi_Giang!$S:$S,ThongKe_GV!$C246,TKB_HK2_Moi_Giang!$K:$K,ThongKe_GV!AB$1,TKB_HK2_Moi_Giang!$L:$L,ThongKe_GV!AB$2)>0,"X","")
A247: =IF(MID(B247,4,1)="Q","Quản trị",IF(MID(B247,4,1)="T","Thiết kế",IF(MID(B247,4,1)="N","Ngoại ngữ",IF(MID(B247,4,1)="C","Công nghệ",IF(MID(B247,4,1)="Y","Y dược",IF(MID(B247,4,1)="V","Văn hóa","")))))) | C247: Trần Hoà Thuận | D247: thuan.tran2@caodangvietmy.edu.vn | E247: =IF(COUNTIFS(TKB_HK2_Moi_Giang!$S:$S,ThongKe_GV!$C247,TKB_HK2_Moi_Giang!$K:$K,ThongKe_GV!E$1,TKB_HK2_Moi_Giang!$L:$L,ThongKe_GV!E$2)>0,"X","") | F247: =IF(COUNTIFS(TKB_HK2_Moi_Giang!$S:$S,ThongKe_GV!$C247,TKB_HK2_Moi_Giang!$K:$K,ThongKe_GV!F$1,TKB_HK2_Moi_Giang!$L:$L,ThongKe_GV!F$2)>0,"X","") | G247: =IF(COUNTIFS(TKB_HK2_Moi_Giang!$S:$S,ThongKe_GV!$C247,TKB_HK2_Moi_Giang!$K:$K,ThongKe_GV!G$1,TKB_HK2_Moi_Giang!$L:$L,ThongKe_GV!G$2)>0,"X","") | H247: =IF(COUNTIFS(TKB_HK2_Moi_Giang!$S:$S,ThongKe_GV!$C247,TKB_HK2_Moi_Giang!$K:$K,ThongKe_GV!H$1,TKB_HK2_Moi_Giang!$L:$L,ThongKe_GV!H$2)>0,"X","") | I247: =IF(COUNTIFS(TKB_HK2_Moi_Giang!$S:$S,ThongKe_GV!$C247,TKB_HK2_Moi_Giang!$K:$K,ThongKe_GV!I$1,TKB_HK2_Moi_Giang!$L:$L,ThongKe_GV!I$2)>0,"X","") | J247: =IF(COUNTIFS(TKB_HK2_Moi_Giang!$S:$S,ThongKe_GV!$C247,TKB_HK2_Moi_Giang!$K:$K,ThongKe_GV!J$1,TKB_HK2_Moi_Giang!$L:$L,ThongKe_GV!J$2)>0,"X","") | K247: =IF(COUNTIFS(TKB_HK2_Moi_Giang!$S:$S,ThongKe_GV!$C247,TKB_HK2_Moi_Giang!$K:$K,ThongKe_GV!K$1,TKB_HK2_Moi_Giang!$L:$L,ThongKe_GV!K$2)>0,"X","") | L247: =IF(COUNTIFS(TKB_HK2_Moi_Giang!$S:$S,ThongKe_GV!$C247,TKB_HK2_Moi_Giang!$K:$K,ThongKe_GV!L$1,TKB_HK2_Moi_Giang!$L:$L,ThongKe_GV!L$2)>0,"X","") | ... AB247: =IF(COUNTIFS(TKB_HK2_Moi_Giang!$S:$S,ThongKe_GV!$C247,TKB_HK2_Moi_Giang!$K:$K,ThongKe_GV!AB$1,TKB_HK2_Moi_Giang!$L:$L,ThongKe_GV!AB$2)>0,"X","")
A248: =IF(MID(B248,4,1)="Q","Quản trị",IF(MID(B248,4,1)="T","Thiết kế",IF(MID(B248,4,1)="N","Ngoại ngữ",IF(MID(B248,4,1)="C","Công nghệ",IF(MID(B248,4,1)="Y","Y dược",IF(MID(B248,4,1)="V","Văn hóa","")))))) | C248: Nguyễn Thị Quỳnh My | D248: minguyen241295@gmail.com | E248: =IF(COUNTIFS(TKB_HK2_Moi_Giang!$S:$S,ThongKe_GV!$C248,TKB_HK2_Moi_Giang!$K:$K,ThongKe_GV!E$1,TKB_HK2_Moi_Giang!$L:$L,ThongKe_GV!E$2)>0,"X","") | F248: =IF(COUNTIFS(TKB_HK2_Moi_Giang!$S:$S,ThongKe_GV!$C248,TKB_HK2_Moi_Giang!$K:$K,ThongKe_GV!F$1,TKB_HK2_Moi_Giang!$L:$L,ThongKe_GV!F$2)>0,"X","") | G248: =IF(COUNTIFS(TKB_HK2_Moi_Giang!$S:$S,ThongKe_GV!$C248,TKB_HK2_Moi_Giang!$K:$K,ThongKe_GV!G$1,TKB_HK2_Moi_Giang!$L:$L,ThongKe_GV!G$2)>0,"X","") | H248: =IF(COUNTIFS(TKB_HK2_Moi_Giang!$S:$S,ThongKe_GV!$C248,TKB_HK2_Moi_Giang!$K:$K,ThongKe_GV!H$1,TKB_HK2_Moi_Giang!$L:$L,ThongKe_GV!H$2)>0,"X","") | I248: =IF(COUNTIFS(TKB_HK2_Moi_Giang!$S:$S,ThongKe_GV!$C248,TKB_HK2_Moi_Giang!$K:$K,ThongKe_GV!I$1,TKB_HK2_Moi_Giang!$L:$L,ThongKe_GV!I$2)>0,"X","") | J248: =IF(COUNTIFS(TKB_HK2_Moi_Giang!$S:$S,ThongKe_GV!$C248,TKB_HK2_Moi_Giang!$K:$K,ThongKe_GV!J$1,TKB_HK2_Moi_Giang!$L:$L,ThongKe_GV!J$2)>0,"X","") | K248: =IF(COUNTIFS(TKB_HK2_Moi_Giang!$S:$S,ThongKe_GV!$C248,TKB_HK2_Moi_Giang!$K:$K,ThongKe_GV!K$1,TKB_HK2_Moi_Giang!$L:$L,ThongKe_GV!K$2)>0,"X","") | L248: =IF(COUNTIFS(TKB_HK2_Moi_Giang!$S:$S,ThongKe_GV!$C248,TKB_HK2_Moi_Giang!$K:$K,ThongKe_GV!L$1,TKB_HK2_Moi_Giang!$L:$L,ThongKe_GV!L$2)>0,"X","") | ... AB248: =IF(COUNTIFS(TKB_HK2_Moi_Giang!$S:$S,ThongKe_GV!$C248,TKB_HK2_Moi_Giang!$K:$K,ThongKe_GV!AB$1,TKB_HK2_Moi_Giang!$L:$L,ThongKe_GV!AB$2)>0,"X","")
...

Sheet KHĐT
A2: Kỳ | B2: KHÓA | C2: TRÌNH ĐỘ | D2: NGÀNH | E2: Cơ Sở | F2: LỚP | G2: Sỉ số (dự kiến) | H2: Mã môn | I2: Tên môn | J2: Số Tín chỉ | K2: Số Tiết | L2: Ghi chú
A3: Công nghệ thông tin (UDPM)
A4: 5 | B4: 2024 | C4: Trung cấp | D4: Công nghệ thông tin (UDPM) | E4: =if(right(F4,1)="G","Gò Vấp","Trung Sơn") -> Trung Sơn | F4: 5243VIS01 | G4: 2 | H4: INT.5.18.00 | I4: Kiểm thử nâng cao | J4: 3 | K4: 75
A5: 5 | B5: 2024 | C5: Trung cấp | D5: Công nghệ thông tin (UDPM) | E5: =if(right(F5,1)="G","Gò Vấp","Trung Sơn") -> Trung Sơn | F5: 5243VIS01 | G5: 2 | H5: INT.5.15.00 | I5: Dự án mẫu | J5: 3 | K5: 75
A6: 5 | B6: 2024 | C6: Trung cấp | D6: Công nghệ thông tin (UDPM) | E6: =if(right(F6,1)="G","Gò Vấp","Trung Sơn") -> Trung Sơn | F6: 5243VIS01 | G6: 2 | H6: INT.5.13.00 | I6: Lập trình Front End framework | J6: 3 | K6: 75
A7: 5 | B7: 2024 | C7: Trung cấp | D7: Công nghệ thông tin (UDPM) | E7: =if(right(F7,1)="G","Gò Vấp","Trung Sơn") -> Gò Vấp | F7: 5243VIS01G | G7: 1 | H7: INT.5.18.00 | I7: Kiểm thử nâng cao | J7: 3 | K7: 75
A8: 5 | B8: 2024 | C8: Trung cấp | D8: Công nghệ thông tin (UDPM) | E8: =if(right(F8,1)="G","Gò Vấp","Trung Sơn") -> Gò Vấp | F8: 5243VIS01G | G8: 1 | H8: INT.5.15.00 | I8: Dự án mẫu | J8: 3 | K8: 75
A9: 5 | B9: 2024 | C9: Trung cấp | D9: Công nghệ thông tin (UDPM) | E9: =if(right(F9,1)="G","Gò Vấp","Trung Sơn") -> Gò Vấp | F9: 5243VIS01G | G9: 1 | H9: INT.5.13.00 | I9: Lập trình Front End framework | J9: 3 | K9: 75
A10: 5 | B10: 2024 | C10: Trung cấp | D10: Công nghệ thông tin (UDPM) | E10: =if(right(F10,1)="G","Gò Vấp","Trung Sơn") -> Trung Sơn | F10: 5243VIS02 | G10: 20 | H10: INT.5.18.00 | I10: Kiểm thử nâng cao | J10: 3 | K10: 75
A11: 5 | B11: 2024 | C11: Trung cấp | D11: Công nghệ thông tin (UDPM) | E11: =if(right(F11,1)="G","Gò Vấp","Trung Sơn") -> Trung Sơn | F11: 5243VIS02 | G11: 20 | H11: INT.5.15.00 | I11: Dự án mẫu | J11: 3 | K11: 75
A12: 5 | B12: 2024 | C12: Trung cấp | D12: Công nghệ thông tin (UDPM) | E12: =if(right(F12,1)="G","Gò Vấp","Trung Sơn") -> Trung Sơn | F12: 5243VIS02 | G12: 20 | H12: INT.5.13.00 | I12: Lập trình Front End framework | J12: 3 | K12: 75
A13: 5 | B13: 2024 | C13: Trung cấp | D13: Công nghệ thông tin (UDPM) | E13: =if(right(F13,1)="G","Gò Vấp","Trung Sơn") -> Gò Vấp | F13: 5243VIS02G | G13: 6 | H13: INT.5.18.00 | I13: Kiểm thử nâng cao | J13: 3 | K13: 75
A14: 5 | B14: 2024 | C14: Trung cấp | D14: Công nghệ thông tin (UDPM) | E14: =if(right(F14,1)="G","Gò Vấp","Trung Sơn") -> Gò Vấp | F14: 5243VIS02G | G14: 6 | H14: INT.5.15.00 | I14: Dự án mẫu | J14: 3 | K14: 75
A15: 5 | B15: 2024 | C15: Trung cấp | D15: Công nghệ thông tin (UDPM) | E15: =if(right(F15,1)="G","Gò Vấp","Trung Sơn") -> Gò Vấp | F15: 5243VIS02G | G15: 6 | H15: INT.5.13.00 | I15: Lập trình Front End framework | J15: 3 | K15: 75
... A40: 2 | B40: 2025 | C40: Liên thông cao đẳng | D40: Công nghệ thông tin (UDPM) | E40: =if(right(F40,1)="G","Gò Vấp","Trung Sơn") -> Gò Vấp | F40: 6252INT01TUG | G40: 1 | H40: ESD.6.02.00 | I40: Kỹ năng làm việc | J40: 2 | K40: 45
